customer;total_price
9;38455.03
3;58446.43
14;3329.04
3;25926
2;100049.46
11;91571.49
7;15961.12
14;48194.84
15;77464.89
8;112709.07
11;39806.21
4;80919.89
1;20788.68
7;63210.58
6;16131.0
2;3975.44
11;76018.47
1;26364.99
15;17022.1
1;108626.99
14;27414
1;102366.9
11;59382.81
1;38928.1
7;11306.6
1;22231.64
3;110563.41
2;94221.83
1;375
9;60535.22
4;73029.27
9;73784.55
14;40923.67
1;75961.17
12;56844.36
4;77023.24
4;75009.93
5;32324.17
12;5850
11;10193.32
4;22476.05
7;2301.66
12;12355.87
12;36046.11
13;24050.03
2;8923.0
11;59869.25
11;88005
13;302.25
6;20692.47
7;15134.85
7;8871.1
4;62559.59
8;1120
8;11921.48
1;14621.25
14;62613.34
1;17125.15
8;58492.11
11;18802
4;32330.16
5;701.4
14;104229.62
4;42582.65
14;5262.37
13;80029.96
15;25967.12
14;101986.86
2;84382.52
8;59473.26
7;25860.55
7;42834.95
14;24728.6
5;12884.88
10;18974.45
11;11670.29
9;83365.54
6;92013.82
6;96517.58
9;74346.13
1;88122.83
12;41766
4;103575.06
10;11329.47
15;2858.07
6;53999.25
5;93471.37
11;16153.5
14;131727.66
11;6815.04
8;96304.55
3;15472.57
11;100796.95
11;11853.64
11;70501.91
15;34504.35
11;3904.45
6;68665
3;39445.23
1;20726.21
6;81825.23
6;85102.9
1;101489.38
11;34945.69
15;63302.37
7;26424.96
2;49075.88
13;45
11;1546.5
9;109628.33
4;49443.15
14;95882.86
8;31775.53
1;32244
13;58839.74
12;35672.55
10;24093.9
3;77597.42
9;38700
7;4728.78
12;4446.13
13;40298.57
13;72107.29
14;26811.23
6;3395.4
4;44278.18
2;86440.08
5;5690.34
9;4280.98
2;11640
10;57625.6
10;3930.58
4;16497.79
2;13341.43
1;54219.96
3;72143.39
8;23439.7
3;24179.25
2;73257.04
14;12936.5
15;25322.5
5;2973.67
7;17590
13;10901.96
1;25292.22
1;14243.1
4;2717.25
8;100338.53
3;232.5
8;18864.61
9;62837.64
1;871.74
6;5031.52
5;14344.14
15;31829.15
2;116977.14
4;47600.06
4;15609.71
14;8550
12;69362.1
6;36365.26
9;18219.21
5;84003.51
7;20460
15;25885.08
12;76367.34
12;10338.35
11;106930.61
1;80273.13
9;130749.01
9;45153.33
2;1890
10;47413.78
10;46488.75
13;39107.85
14;9986.29
9;71859.23
8;85556.12
11;6020
1;10555.15
14;28988.24
2;66539.3
13;40644.23
2;101958.27
5;82297
15;13050
14;120941.61
9;109737.82
13;1720.5
6;37355.72
15;46079.67
9;48008.57
1;75677.0
4;21879.25
11;18334.02
9;93822.18
13;88458.43
11;14955.0
15;95201.28
4;81000
15;98216.69
2;25625.44
12;49552
9;17122.14
9;105425.75
12;115433.13
8;99051.83
1;6090
10;66939.04
6;14621.96
15;77656.02
7;6364.75
3;17537.3
1;15696.38
6;14505.64
15;6844
10;53692.87
2;48816
3;22839.79
11;12597.4
13;60338.19
11;7319.6
2;10200
4;37211.7
11;3331.5
9;6336.56
6;35100.39
8;97531.36
13;117232.7
6;107126.31
6;17536
1;107589.39
9;34785.75
15;19117.67
1;37433.85
5;34323.23
1;21824.91
15;50420.81
10;99966.5
5;78608.2
4;24421.26
15;4699.79
9;28288.42
12;12365.29
3;1365
8;103290.97
12;25763.61
2;7020.0
8;1632
7;6732
11;12761.38
12;85360.21
4;7340.78
4;750
9;115370.46
7;27496.0
3;36061.81
1;20447.65
11;94844.04
12;26784.09
12;6580.29
7;17069.65
12;48914.81
13;54512.52
12;13550
1;56232.16
2;21677.18
2;57355.37
12;109231.46
2;43141
5;43373.45
13;121193.41
15;7992.48
1;85878.1
1;60280.07
4;19422.25
11;2494.25
12;27724.28
2;40084.31
8;33274.28
10;75670.71
13;8509.0
13;66696.27
4;101876.52
12;11310.45
7;49304.7
15;63900
10;93373.06
10;9628.23
6;108374.84
10;13350
10;71612
12;4470.07
12;17940.88
15;69335.8
2;104686.91
6;12621.48
6;46353.79
14;93350.75
14;24636.3
11;38699.39
8;93641.46
3;30421.1
4;62471.36
6;56600.34
13;19531.49
3;55685.89
12;50173.7
13;97708.96
11;17910
14;32692.65
11;48253.32
15;23638.95
2;77842.06
4;4050
7;16891.89
7;63411.65
7;12338.81
13;49708
12;14429.0
5;17651.45
1;1411.96
9;9217.54
8;87408.0
5;48879.75
10;61168.48
8;23249.77
15;87489.38
15;6300
6;101975.19
3;67011.88
2;15680
13;94677.49
10;3872.54
8;6784.18
11;1411.08
8;5400
5;5368.45
14;77624.82
5;1798.18
15;23884.15
4;29671.69
13;128279.26
11;87478.52
12;19329.67
9;84321.12
6;79780.0
10;31203.71
1;106878.0
13;45868.92
2;13013.39
2;41808.52
2;82870.24
13;75753.74
3;24872.88
14;19610.07
7;125493.92
15;18495.51
14;6790
12;89888.36
6;55971.27
7;39365.46
8;88783.6
10;56028.59
15;55027.75
9;6975.42
5;720.75
4;3536.7
6;68221.59
5;52325.23
9;11042.71
13;2920.19
9;69722.12
15;112202.09
6;101014.47
13;40306.75
7;88561.25
4;43569.16
15;84149.05
8;38638.09
8;128761.44
8;100744.43
14;110249.32
11;35057.58
9;5943.08
2;91538.19
15;66778.2
14;40317.75
4;18338.01
1;162.75
8;51956.46
8;816
7;4821.44
3;22210.8
5;82177.32
9;40885.38
4;17271.52
1;36024.71
10;88542.24
2;82800
2;1440
8;15697.55
5;7659.32
1;811.62
4;16170.2
11;4785
3;30515.67
1;117743.25
2;4385.3
11;8074.02
12;42855.17
13;80784.84
2;20187.57
13;99497.09
2;3753.2
3;9977.04
9;2489.3
9;72787.15
14;24321.75
14;63306.75
5;43237.95
13;8631.48
12;15721.8
4;11055
9;47298
3;11010.27
10;44719.16
11;14109.0
11;79435.23
9;43085.54
5;13871.67
12;78588.45
4;72502.34
14;24177.48
15;85048.97
3;89924.16
5;36670.97
4;100942.2
8;48665.5
3;79238.45
12;1624
2;33330.82
3;21286.37
2;26146.14
1;54187.51
1;97197.9
4;103715.13
3;76484.26
4;8123.43
9;15585.11
10;83028.55
1;18112.12
8;2142
8;2730
13;97017.24
12;2823.92
11;96394.04
5;17815.27
3;28143.68
2;36263.84
5;125759.03
15;20215.78
7;31431.95
10;27818.25
13;11436.24
2;5600
12;56136.05
8;105799.65
1;32532.35
4;9078
4;40410.79
8;8331.75
12;80192.98
3;36938.66
7;18170.1
5;29692.73
12;17907.51
3;21384.31
13;104989.75
12;10800
5;73286.21
14;11250
13;35965.79
15;86260.59
12;30813.72
7;12340.5
3;16211.46
10;101527.04
5;59086.96
9;12613.99
12;95627.97
7;42602.47
3;108386.84
4;14049.73
4;18440.44
4;10791.0
9;15233.08
7;3304
4;77429.41
11;99512.39
5;32789.98
13;50265.64
9;45397.36
11;4500
15;7720.1
5;87006.79
1;65369.81
12;29460.55
13;49616
14;25260.3
14;13670.43
8;17133.02
12;111225.94
4;114865.21
13;21585.42
10;79734
13;5518
2;6331.63
1;80320.19
10;63102.16
7;6480.76
13;67254.47
9;15006
1;395.25
7;12612.86
13;123254.02
13;16243.25
9;1024.59
5;7608.25
3;82473.7
13;25082
11;126232.69
1;13787.25
8;64969.5
15;76802.36
5;87784.95
8;96182.24
13;1320
5;19159.31
13;74102.14
3;19696.94
15;22820.78
8;53936.65
12;20998.7
5;15742.95
4;12038
7;22935.05
6;12619.0
2;6815.04
4;28351.17
3;14172.39
3;90184.94
15;5680.0
1;48467.04
5;43925.09
6;67437.14
14;98641.88
13;13510.16
11;26121.77
13;20993.15
15;4093.47
4;22359.33
3;9179.87
11;19598.46
3;87732.84
6;15381.08
5;63099.46
6;54685.86
12;76489.25
9;6355.33
11;5020.8
6;22944.77
7;99424.96
4;11960.2
12;76970.17
2;107066.91
1;26742.66
12;92904
8;7230
1;2117.94
15;21437.19
2;57350.41
3;8476.39
8;89999.52
1;75799.54
7;115420.22
4;71683.29
11;9634.75
7;114528.91
7;19284.48
9;39174.77
12;72050.84
13;51019.1
2;81924.81
15;59829.94
9;24111.84
1;61080.27
5;1557.75
12;6629.3
13;70414.23
3;113312.05
3;2374.66
7;30273.37
2;30217.08
15;12797.96
10;82321.12
13;7446
11;66246.5
8;55573.71
7;93181.59
10;5320
9;53477.79
13;27992.21
15;56999.28
4;116320.44
5;36868.05
8;63822.37
3;68968.44
1;1300
9;1359.28
14;918
2;87992.63
8;55891.93
1;10380.22
7;75586.37
6;21549.89
8;70301.22
6;1255.5
15;54401.4
7;36069.9
6;6037.0
11;1829.13
9;13581.72
2;103539.0
2;39860.2
14;15101.64
10;12680.59
4;96534.75
10;18580
12;115925.51
9;18937.87
15;88709.02
7;10697.94
14;12106
15;102904.18
8;8170
2;2694.75
6;19359.54
15;18270.73
10;51430
11;67280
8;70551.41
1;24487.25
3;82120
3;6886.03
1;60412.9
11;46177.63
15;2464
3;85567.0
11;62806.56
4;372.0
9;3047.61
13;24373.62
14;47597.34
14;102312.29
1;61465.17
9;80308.45
2;22588.62
4;29828.16
4;34901.08
8;101068.66
8;13318.27
4;24327.78
6;93.0
6;31038
8;58758.11
1;13820
6;35122.13
5;46219.24
8;33784.54
10;72525.34
3;33249.82
8;23797.87
8;58716.42
11;78807.5
9;78639.04
8;15110.82
5;54216.62
14;5056.0
13;49267.47
13;121389.41
10;98166.48
14;81894.25
7;36940.72
5;61164.26
15;19742.4
14;53534.44
14;2899
5;11144.37
3;54888.0
2;56355.06
2;60377.84
3;11562.21
15;7830
9;60817.12
1;88790
12;73201.43
12;11493.18
14;80274.37
9;31441.75
6;77771.44
2;14911.58
2;11857.25
6;9776.33
13;54116.71
12;51950.86
15;79452.67
14;102554.22
13;16708.59
6;64800
5;3463.34
14;74338.76
3;18257.61
4;102534.39
10;47628
8;103136.84
7;28489.51
15;102012.93
11;106039.57
14;28468.34
14;113757.2
8;39902.4
1;50258.31
14;22880
11;23705.25
1;73431.53
8;9532
6;5810
2;22653.58
3;26891.38
5;55024.89
10;55613.41
6;20543.89
9;109708.24
8;111595.99
1;86080
8;86068.01
13;31747.79
5;48421.44
15;67284
8;72104.1
9;57562.5
3;11528.57
5;86336.74
8;15313.52
12;19081.65
13;25256
6;34016.94
2;72666.12
3;23786
3;82611.81
6;91988.53
4;17905.66
11;11885.58
13;26232.05
12;67285.31
3;44838.69
12;31582.58
8;13650
11;36471.73
15;25289.78
4;2697.62
3;10580.64
13;922.87
2;93404.28
3;86030.89
2;89415.04
5;22049.65
11;44976.08
11;14895.69
14;11871.01
11;101012.43
13;50325.01
7;16654.84
5;14891.89
4;11520
11;38667.05
5;119277.89
14;44378.24
9;22386.75
2;60584
11;83414.5
14;900
9;1205.84
12;51640.49
2;12257.82
6;1836.75
13;81013.5
13;107188.05
14;70801.87
1;57864.96
9;4123.01
13;28715
5;3622.06
9;3151.62
1;50948.33
3;81000
14;28216.82
13;27077.71
14;53363.46
4;82025.25
1;25200
6;32.09
12;76996.19
11;70722.72
12;12935.75
14;92298.28
3;16626.83
9;1215
1;32227.82
9;15120
11;54101.2
7;74700
1;61824.01
9;2600
10;9174
1;95078.04
9;111497.89
11;37762.31
15;67202.48
9;10693.98
14;52543.89
11;43177.45
14;96208.68
6;870
1;4900
6;78300
4;100060.53
13;50782.57
3;2345
3;5599.53
3;13316.74
8;19764.86
15;79840
13;61301.29
12;33245.11
2;101488.89
15;432.17
8;104480.4
7;11550
3;59906.0
1;96321.48
4;80446.77
12;38146.05
4;17194.88
9;26808.77
4;2310
2;8718.88
11;83862.28
7;8550
14;114038.04
2;21720.9
4;19589.15
7;64800.83
3;12168.87
15;75123.72
7;97174.9
2;33058.71
7;121986.4
4;35348.86
3;9637.75
9;32212.51
14;27002.69
14;28830.61
7;99465.3
1;89205.58
5;2876.74
8;71916.27
8;913.08
14;82520.13
4;13983.33
12;45807.27
12;106365.16
2;8500.94
5;1930
8;45111.76
11;17348.34
14;33516
2;110762.2
10;35194.26
1;39679.92
7;2184
1;320.64
4;9080
14;17659
7;16631.81
14;36993.91
12;100609.69
13;71760
9;26584.02
4;8100
12;83830
1;118589.62
1;34217.55
11;52760.96
12;22581.93
4;113524.79
3;5514.82
11;91670.33
4;10159.61
12;99037.27
2;94365.2
6;2906.87
11;25843.18
7;79395.39
5;3171.66
5;109661.26
9;47277.49
6;18392
2;88456.48
14;68294.66
2;86429.28
4;52971.09
13;46408.36
1;45477.13
8;109418.49
8;33922.75
11;738.07
10;74996.91
10;45601.5
8;46616.46
7;5100
11;74218.6
9;4844.37
1;108681.81
14;18512.5
10;117659.94
14;67212.24
7;3529.0
1;34117.41
10;22606.31
3;113499.07
15;224.63
15;1960
11;39843.87
11;67103.41
8;8194.05
15;21549.23
6;59416.16
11;49681.55
8;105523.2
13;16553.98
14;8466
3;840
10;95877.52
4;77458.87
11;45396.4
15;210.42
3;32393.16
11;53151.67
4;15458.81
13;14969.62
9;1488.0
2;111446.62
7;71586.59
13;96948.52
7;62624.5
12;71565.25
6;72346.62
4;4185
9;49106.16
12;80061.25
12;5091.42
10;9920.52
4;64556.33
1;41396.27
10;73273.23
6;64463.53
12;21822.64
12;109023.69
5;67992.73
3;12790.42
1;40426.19
9;78854.24
8;5160.31
8;7926
11;31906.58
11;29331.95
12;2383.75
8;5796.81
1;18815
1;14226
12;40583.83
9;98897.48
11;41842.05
14;51505.88
13;72409.0
15;1732.86
13;67165.77
