order_id;product_id;count_product
2;9;90
2;3;82
2;7;86
2;10;37
2;2;30
2;5;81
2;6;89
2;4;77
3;7;77
3;11;47
3;9;82
3;10;17
3;1;89
3;5;12
3;2;96
3;8;28
3;6;22
4;2;52
4;7;58
4;4;19
5;11;24
5;8;49
5;9;16
6;6;20
6;2;52
6;4;75
6;9;64
6;8;3
6;11;96
6;1;38
7;2;100
7;3;83
7;9;46
7;8;58
7;7;66
7;11;80
7;1;98
7;6;82
8;4;45
8;3;88
8;9;54
8;10;14
9;11;36
9;10;71
9;5;2
9;2;42
9;7;33
9;6;4
9;4;38
10;4;61
10;2;25
10;9;65
10;11;50
10;8;19
10;10;24
10;5;74
10;6;73
10;3;86
11;11;90
11;7;14
11;9;22
11;4;22
11;2;17
11;8;23
11;10;97
11;1;97
11;5;66
12;11;23
12;1;99
12;3;100
12;8;92
12;2;15
12;9;40
13;2;80
13;5;97
13;4;1
13;6;42
13;9;31
13;7;6
13;3;81
13;10;87
13;8;96
13;1;40
13;11;42
14;7;76
14;4;99
14;10;31
14;2;2
14;11;2
14;1;96
15;7;48
15;4;90
15;9;61
15;5;78
15;6;97
15;11;21
15;2;29
15;8;20
15;3;61
15;10;83
15;1;4
16;6;68
16;10;97
17;3;56
18;7;42
18;8;40
18;5;73
18;1;11
18;4;27
18;2;74
18;11;61
18;10;29
19;8;20
19;11;21
19;3;1
19;4;24
19;6;88
19;10;10
20;1;86
20;4;41
20;2;18
20;11;11
21;6;28
21;5;27
21;11;88
21;10;99
21;3;24
21;4;38
21;7;56
21;8;30
21;9;16
21;2;71
21;1;9
22;4;57
22;11;24
23;5;83
23;1;1
23;10;18
23;11;73
23;4;100
23;9;70
23;6;59
23;3;94
23;7;42
23;8;5
24;10;6
24;7;14
24;8;26
24;9;84
24;3;19
24;11;56
25;8;48
25;2;82
25;9;38
25;4;16
25;11;24
25;1;94
25;5;49
26;1;46
26;10;64
26;2;23
27;1;94
27;5;60
27;2;9
27;7;95
27;11;11
28;9;60
28;11;96
28;10;3
28;1;41
28;6;53
28;7;15
28;4;19
28;3;53
28;5;65
28;8;49
29;4;74
29;3;2
29;11;69
29;5;75
29;7;34
29;2;5
29;8;74
29;1;100
29;6;79
29;9;16
29;10;20
30;7;25
31;1;58
31;4;37
31;11;61
32;7;80
32;2;28
32;3;1
32;5;91
32;6;85
32;1;83
32;9;18
32;11;50
32;10;60
33;9;40
33;3;45
33;5;55
33;11;68
34;2;33
34;5;81
34;8;53
34;3;60
34;6;18
34;9;75
34;10;99
34;1;79
34;7;6
35;10;59
35;7;48
35;3;92
35;6;22
35;8;9
35;1;51
35;4;16
35;5;25
35;11;58
36;7;55
36;2;68
36;11;47
36;9;8
36;8;92
36;10;41
37;11;76
37;2;46
37;1;14
37;5;8
37;3;94
38;6;99
38;4;42
38;8;2
38;11;70
38;5;25
38;7;40
38;2;9
38;9;24
39;3;83
39;8;1
39;4;44
39;5;69
39;9;59
39;10;64
40;10;39
41;9;61
41;3;68
41;5;15
42;9;37
42;3;95
42;10;36
42;7;48
42;5;58
43;8;21
43;2;83
44;1;43
44;9;81
44;8;92
45;3;10
45;5;58
45;6;19
45;8;5
45;10;97
45;9;21
45;4;81
45;1;94
46;6;69
46;10;61
46;9;54
46;5;67
46;3;22
47;6;12
47;4;82
47;9;5
48;10;89
48;7;29
48;8;42
48;2;83
48;9;77
48;5;93
48;3;42
48;4;32
48;6;91
48;1;14
48;11;19
49;11;97
49;7;47
50;6;13
51;1;8
51;7;32
51;6;53
51;4;78
51;10;5
51;3;40
51;5;6
51;9;81
51;8;13
51;2;95
52;2;21
52;9;25
52;1;27
52;7;97
52;5;67
52;8;21
52;6;44
53;2;55
53;5;64
54;7;77
54;8;91
54;1;68
54;11;47
54;6;76
54;3;87
54;2;67
54;4;19
55;9;20
56;9;64
56;6;37
56;7;49
56;1;47
56;4;12
56;5;7
56;8;25
56;10;9
57;10;34
57;1;32
57;7;64
57;6;77
57;9;89
57;8;10
57;2;6
58;3;33
58;1;94
58;8;53
58;9;76
58;4;7
58;5;40
58;7;16
58;6;41
58;10;38
58;2;48
58;11;40
59;1;85
59;4;86
59;6;30
59;9;88
60;8;97
60;5;99
60;11;17
60;4;24
60;7;90
60;10;64
60;3;80
60;9;44
60;1;49
60;6;18
61;9;27
61;5;43
61;11;13
62;4;79
62;10;46
62;5;58
62;3;25
62;2;33
62;7;73
62;6;51
62;8;57
62;9;26
63;2;70
64;6;35
64;11;87
64;4;100
64;2;29
64;3;71
64;8;37
64;5;26
64;10;15
64;7;91
65;11;10
65;3;93
65;4;88
65;1;36
65;2;17
65;8;74
65;5;72
65;6;92
66;7;11
66;8;20
66;3;38
66;6;43
67;11;62
67;6;66
67;3;18
67;1;70
67;7;84
67;10;35
67;9;35
67;8;44
67;5;26
67;2;67
67;4;35
68;3;88
68;7;92
68;10;19
68;8;16
68;5;22
68;6;72
68;9;31
68;11;9
69;1;54
69;4;90
69;9;74
69;5;11
69;11;95
70;4;44
70;5;78
70;11;47
70;3;85
70;8;62
70;9;55
70;1;57
70;2;62
70;10;77
71;11;55
71;1;60
71;7;31
71;6;50
71;5;48
71;2;18
72;8;43
72;3;73
72;1;92
72;10;42
72;5;32
72;9;76
73;4;21
73;7;100
73;5;77
73;6;77
73;8;87
73;1;30
73;9;90
73;11;17
74;6;18
74;2;7
74;4;56
74;3;68
74;1;96
74;7;44
74;11;5
74;8;78
75;8;17
75;1;65
75;4;7
75;3;17
75;6;94
75;2;35
75;9;92
76;8;31
76;3;55
76;10;86
77;4;65
77;3;71
78;3;46
78;11;89
79;11;54
79;6;2
79;10;23
79;1;28
79;4;80
79;5;91
79;3;94
79;9;84
79;7;88
79;2;87
79;8;78
80;10;17
80;6;71
80;8;93
80;3;17
80;11;94
81;9;36
81;5;96
81;3;67
81;10;85
81;4;17
81;1;99
81;11;39
81;6;65
81;2;82
82;4;98
82;3;17
82;10;69
82;11;55
82;8;99
82;5;78
83;4;83
83;11;37
84;1;20
84;2;90
84;5;32
84;8;42
84;4;99
84;3;54
84;11;90
85;7;69
85;5;57
85;2;86
85;6;87
86;3;38
86;1;5
87;11;40
87;8;62
87;2;92
87;3;17
87;7;89
87;4;46
87;6;5
87;9;75
87;1;37
88;1;93
88;11;76
88;5;24
88;6;28
88;10;43
88;9;68
88;4;79
89;7;37
89;6;58
89;10;95
90;8;76
90;4;87
90;9;88
90;2;6
90;6;3
90;7;32
90;10;50
90;3;80
90;5;76
90;1;51
90;11;97
91;3;96
92;8;74
92;11;88
92;2;15
92;10;74
92;6;29
93;3;61
93;9;98
93;4;20
93;1;2
93;6;40
93;8;4
93;5;18
94;3;61
94;2;24
94;5;17
94;1;37
94;10;64
94;9;69
94;6;83
94;7;57
94;8;14
94;11;84
95;8;70
95;4;16
95;2;82
95;11;5
96;4;63
96;6;41
96;3;63
96;7;82
96;10;19
96;9;34
96;5;94
96;8;6
96;1;79
96;2;59
96;11;41
97;8;9
97;10;48
97;4;95
97;3;47
97;6;100
97;9;40
97;5;61
97;1;20
97;2;51
98;3;55
99;11;75
99;8;16
99;7;3
100;1;17
100;5;72
100;9;93
100;11;18
100;8;8
100;2;85
100;6;60
100;7;95
100;10;26
101;1;63
101;5;33
101;2;41
101;4;78
101;3;28
101;8;58
102;7;56
102;2;54
102;11;65
102;5;32
102;3;35
102;4;16
102;6;70
102;8;82
102;10;42
103;7;61
103;5;36
103;1;97
103;9;50
103;6;41
103;2;97
103;10;22
103;8;62
103;4;44
103;3;2
103;11;66
104;10;18
104;8;8
104;11;96
104;4;30
104;9;78
104;3;62
105;9;88
105;11;5
105;7;52
105;10;51
105;1;85
105;4;18
105;2;27
105;6;78
105;8;8
105;5;76
106;2;31
106;11;65
106;9;69
106;6;27
107;4;91
107;1;69
107;6;95
107;8;9
107;5;93
108;9;68
108;6;73
108;11;26
108;10;37
108;8;24
108;1;21
108;3;64
108;4;39
108;7;55
108;5;21
108;2;19
109;7;3
110;6;62
110;7;7
111;8;63
111;10;76
111;5;87
111;1;99
111;9;13
111;11;66
111;3;90
111;2;91
111;6;82
111;4;98
112;1;43
112;6;38
112;8;11
112;3;22
112;11;21
112;7;96
112;5;70
112;10;83
112;4;29
113;5;94
113;4;91
113;10;7
113;2;43
113;11;81
114;2;35
114;8;22
114;3;67
114;10;63
114;6;86
114;7;25
114;5;92
114;9;24
115;10;77
115;5;87
115;4;92
116;2;41
116;3;8
116;1;75
116;6;69
116;7;80
116;11;40
116;10;17
116;8;63
116;4;95
117;2;36
117;8;94
117;5;90
117;10;100
117;7;55
117;3;17
118;3;33
118;1;97
118;6;54
118;9;63
118;5;97
118;7;83
119;1;24
119;9;7
119;7;48
119;5;82
119;3;74
119;6;56
119;11;65
120;11;43
121;2;47
121;1;1
121;9;63
121;6;27
121;8;1
122;5;5
122;2;29
122;4;3
122;6;41
122;1;70
123;6;18
123;11;14
123;5;96
123;1;26
123;10;20
123;7;58
123;2;75
123;3;77
123;8;49
123;9;8
124;1;65
124;2;72
124;11;77
125;2;48
125;9;3
125;10;86
125;7;80
125;3;73
125;8;59
125;6;40
125;5;14
126;1;60
126;8;21
127;7;28
127;5;72
127;1;98
127;6;3
127;10;100
127;3;85
127;8;64
127;4;17
127;2;73
127;9;59
128;11;96
128;2;4
129;3;66
129;7;67
130;5;17
130;7;81
130;1;22
130;10;1
131;9;95
131;4;5
131;8;83
132;8;66
132;2;71
132;5;95
132;11;23
132;6;44
132;4;90
132;7;9
132;9;57
132;1;21
132;3;71
133;2;29
133;9;65
134;7;77
134;11;11
134;2;26
134;3;73
135;4;74
135;8;13
135;3;57
135;6;36
136;11;37
136;8;99
136;10;41
136;1;43
136;3;91
137;8;35
137;9;87
137;6;35
137;5;17
137;7;100
137;3;18
137;1;38
137;2;20
137;11;64
138;2;51
138;1;52
138;11;12
138;5;60
138;8;38
139;10;94
139;5;49
139;4;4
139;9;22
139;6;89
140;1;74
140;9;99
140;2;79
140;3;20
140;5;93
140;7;65
140;4;71
140;8;31
140;11;29
140;10;97
141;6;90
141;9;65
141;7;7
141;3;100
142;4;44
142;5;27
142;6;42
142;7;28
142;8;57
142;10;43
142;9;98
143;1;63
143;9;17
144;10;93
144;5;28
145;5;73
145;1;44
146;3;98
146;10;64
146;1;75
146;2;35
146;5;5
146;9;64
146;6;75
147;4;77
147;3;90
148;4;10
148;6;73
149;2;95
149;3;28
149;10;97
149;4;21
149;1;49
149;9;14
149;11;81
149;8;34
149;7;90
149;6;74
150;6;10
151;5;54
151;6;55
151;11;4
151;1;60
151;9;66
151;3;4
151;7;54
151;2;25
152;3;90
152;6;43
152;9;89
152;4;48
152;7;99
152;10;73
152;2;69
152;1;49
152;11;28
152;8;81
153;2;87
154;3;48
154;9;29
155;3;90
155;6;90
155;8;81
155;1;6
156;5;92
156;10;47
156;6;24
156;8;40
156;1;28
156;9;68
156;3;65
156;2;14
157;11;94
157;5;44
157;3;4
157;8;49
157;9;83
157;7;40
157;6;29
157;10;97
157;1;77
158;6;84
158;3;68
158;11;33
158;1;12
158;7;76
158;4;55
158;9;49
158;2;33
158;5;7
159;1;19
159;10;7
159;7;68
159;8;77
159;5;58
160;10;57
161;1;5
161;3;23
161;7;17
161;4;50
161;2;94
161;11;49
161;9;47
161;10;25
161;5;83
162;3;92
162;8;61
162;5;77
162;9;65
162;10;79
162;1;2
163;5;74
163;3;79
163;10;5
163;7;15
163;9;36
164;2;34
164;7;45
164;10;78
164;3;80
164;11;57
164;1;82
164;6;81
164;5;37
164;9;89
165;7;8
165;10;35
165;5;73
165;8;80
166;6;11
166;11;6
166;8;67
166;2;94
166;1;23
166;10;15
166;4;24
166;3;62
166;9;85
167;11;50
167;1;16
167;9;96
167;4;45
167;5;73
167;6;37
167;2;66
167;10;22
167;3;67
167;8;26
168;3;65
168;4;12
168;11;5
169;11;73
169;10;22
169;7;80
169;6;13
169;1;96
169;3;98
169;2;35
169;4;44
169;9;97
169;5;75
169;8;91
170;4;25
170;11;60
170;2;40
170;9;6
170;5;41
170;3;67
170;10;86
171;7;46
171;1;37
171;11;100
171;8;71
171;10;62
171;5;65
171;2;16
171;3;64
171;9;66
171;4;76
172;6;70
172;1;51
172;7;84
172;2;64
172;8;14
172;3;4
172;10;36
172;11;29
172;5;3
172;4;67
173;8;27
174;2;11
174;1;2
174;10;17
174;11;33
174;9;28
174;5;28
174;6;41
174;3;87
174;4;26
175;6;41
175;11;8
175;3;91
175;1;57
175;8;74
175;2;64
175;5;45
175;9;51
175;10;69
175;4;37
175;7;93
176;3;70
176;7;59
176;9;44
176;8;94
176;6;83
176;1;20
176;5;14
176;11;15
176;4;9
176;10;36
177;8;46
177;6;17
177;5;45
177;2;52
178;9;64
178;5;39
178;11;46
178;10;29
178;4;36
178;6;37
178;8;69
178;1;8
178;3;86
178;2;56
178;7;78
179;2;22
179;5;68
179;10;37
179;3;32
179;11;56
179;4;36
179;9;93
179;8;85
179;6;92
179;7;87
180;8;86
181;1;35
181;4;76
181;8;24
182;9;16
182;3;26
182;2;4
182;6;50
182;8;57
182;1;88
182;10;48
182;7;68
182;5;77
183;9;74
183;2;73
183;4;7
183;11;61
183;6;52
183;1;69
183;3;37
184;9;79
184;2;41
184;6;26
184;5;77
184;7;27
184;3;46
184;1;93
184;8;87
184;10;83
185;11;84
185;3;35
185;6;84
185;8;50
185;2;23
185;7;90
185;4;27
185;1;24
185;10;14
185;9;61
185;5;60
186;7;43
186;9;92
186;11;85
187;5;15
187;10;74
188;6;77
188;10;86
188;1;48
188;5;84
188;9;94
188;11;89
188;2;72
188;4;33
188;3;40
188;7;100
189;3;20
189;10;81
189;1;78
189;11;86
189;2;75
189;6;70
189;9;95
189;5;40
189;4;33
190;6;74
191;4;50
191;9;67
191;8;28
191;5;27
191;1;9
191;3;8
191;10;16
191;11;19
191;6;59
191;7;79
191;2;12
192;3;82
192;7;7
192;6;91
192;5;57
192;1;60
192;8;45
192;11;6
192;4;81
192;9;70
192;2;17
192;10;52
193;8;81
193;2;35
193;1;38
193;4;33
193;9;10
193;11;38
193;10;8
193;7;57
193;3;5
193;6;10
194;6;8
194;5;96
194;9;97
194;10;73
194;11;40
194;7;49
194;4;97
195;8;6
195;10;100
195;7;57
195;9;98
195;6;5
196;9;73
196;6;49
196;7;47
196;2;41
196;10;11
196;8;2
196;1;50
196;4;46
196;3;55
197;10;44
197;8;26
197;1;2
197;4;69
197;11;87
198;3;91
198;11;59
198;7;84
198;8;21
198;10;100
198;6;64
198;2;75
198;5;1
198;1;76
198;9;99
198;4;8
199;7;5
199;10;93
199;6;40
200;11;96
200;1;98
200;2;73
200;7;77
200;5;29
201;11;90
202;2;92
202;11;83
202;3;67
202;8;82
202;1;78
202;9;84
202;6;70
202;4;32
203;6;8
203;9;36
203;8;41
203;3;26
203;1;30
203;7;11
203;10;73
203;5;51
204;11;54
204;9;17
205;4;51
205;10;79
205;2;7
206;4;56
206;6;3
206;9;69
206;8;74
206;11;90
206;10;64
207;11;98
207;4;62
207;2;32
207;7;85
207;5;24
207;3;29
207;1;17
207;6;49
207;10;83
208;3;82
208;11;84
208;9;18
208;1;47
208;2;21
208;10;53
208;8;9
208;4;62
209;8;87
210;1;31
210;7;11
210;9;84
210;8;19
210;5;13
210;11;62
210;6;97
211;10;13
211;4;33
211;2;15
211;9;49
211;7;50
211;3;68
211;1;26
212;8;17
212;4;40
212;2;51
212;11;70
212;5;43
212;10;18
212;7;39
213;3;77
213;1;28
214;2;76
214;4;91
214;3;92
214;1;30
215;10;70
215;5;12
215;1;82
215;7;67
216;7;5
216;11;11
216;1;71
216;5;15
216;6;13
217;4;52
217;8;22
218;1;84
218;3;27
218;11;32
218;10;33
218;9;84
218;5;62
218;7;26
218;2;29
218;8;11
218;6;48
219;9;36
219;11;52
220;11;21
220;3;46
220;6;29
221;10;18
221;7;82
221;6;94
221;2;95
221;8;79
222;9;13
222;8;65
222;10;9
222;5;93
222;11;43
222;1;91
223;3;40
223;8;64
224;10;68
225;8;64
225;2;42
225;1;54
225;5;77
225;10;8
225;7;58
225;4;49
225;11;15
226;8;30
226;6;2
226;7;79
227;4;8
227;6;58
227;7;82
227;8;36
227;9;7
227;2;3
228;5;77
228;3;5
228;10;67
228;1;62
228;9;50
228;7;31
228;2;43
228;4;21
228;11;7
228;6;24
229;6;94
229;10;3
229;7;24
229;11;93
229;9;13
229;3;52
229;1;36
229;2;57
229;8;67
230;3;85
230;4;23
230;7;16
230;1;45
230;11;100
230;10;63
230;5;49
230;6;58
231;8;59
231;11;97
231;3;32
231;10;39
231;2;4
231;1;70
231;6;33
231;9;51
231;7;59
231;5;6
232;10;79
232;9;5
232;4;53
233;1;29
233;3;72
233;5;31
233;4;52
233;11;97
233;7;35
233;9;3
233;6;34
233;8;49
234;10;62
234;7;80
234;5;48
234;11;4
234;8;63
234;9;74
234;1;70
234;2;45
234;3;45
235;9;90
235;6;82
235;10;63
235;2;57
235;1;67
236;4;52
236;1;74
236;8;5
236;5;17
236;6;79
236;10;87
236;3;92
236;2;68
236;9;91
237;11;6
237;5;25
237;1;20
237;6;58
237;2;48
237;8;74
237;9;35
237;4;82
237;10;46
237;7;39
237;3;3
238;5;46
238;2;19
238;10;56
238;7;64
238;3;47
238;4;29
239;9;34
239;8;100
239;3;89
239;11;11
239;10;44
239;6;34
239;1;80
239;4;18
239;7;51
239;5;98
240;5;40
240;11;97
240;6;34
240;8;38
240;7;86
240;10;1
240;9;46
241;6;67
241;10;77
241;11;49
241;3;53
241;9;80
241;2;49
241;8;9
241;7;15
241;5;43
241;4;61
242;1;42
242;2;74
242;10;98
242;5;46
242;9;7
242;8;18
243;9;13
243;3;21
243;6;68
243;10;6
244;1;71
244;7;29
244;2;36
244;3;19
244;11;3
244;4;61
244;8;29
244;10;74
244;6;78
245;3;88
245;1;39
245;2;33
245;9;81
246;7;91
247;1;79
247;9;43
247;2;48
247;6;53
247;11;99
247;4;40
247;7;30
247;3;35
247;5;4
248;10;57
248;2;18
248;9;93
248;4;3
248;5;87
248;6;9
249;2;100
249;4;59
250;4;16
251;9;27
251;5;3
251;8;69
252;5;67
252;2;69
252;9;60
253;5;57
253;4;58
253;7;91
253;11;60
253;1;19
253;6;14
253;10;74
253;9;9
253;8;59
254;7;55
254;1;42
254;5;17
254;4;29
255;10;5
256;2;98
256;6;60
256;8;69
256;3;30
256;10;68
256;11;95
256;4;54
256;7;14
256;1;20
256;5;3
256;9;64
257;6;48
257;5;31
257;9;65
257;11;19
257;8;23
258;9;90
258;5;4
258;11;17
258;8;32
258;1;95
258;4;91
258;2;63
259;8;54
259;3;67
259;6;92
259;9;27
259;11;9
259;2;16
260;5;98
260;4;81
260;2;23
260;10;88
260;11;61
260;3;42
260;7;52
260;8;25
261;1;39
261;10;63
261;3;65
261;6;43
261;5;1
261;4;99
261;2;24
262;3;71
262;8;22
263;7;83
263;9;62
263;3;87
263;2;26
263;4;58
264;9;73
264;1;26
264;2;51
264;6;79
264;5;7
264;11;30
264;7;41
264;10;34
264;3;30
264;4;55
264;8;4
265;7;10
265;2;26
265;11;33
265;4;91
265;8;27
265;5;51
265;10;44
266;5;65
266;10;34
267;6;11
267;4;55
267;11;43
267;7;49
267;2;20
267;8;28
267;1;96
267;10;7
267;9;3
267;3;63
268;2;23
268;3;59
268;6;52
268;9;55
268;11;8
268;1;59
268;4;38
269;1;65
269;8;99
269;4;32
269;2;51
269;6;66
269;5;61
269;11;24
269;10;90
270;2;79
270;1;35
270;11;84
270;9;59
270;3;77
270;6;58
270;7;100
270;10;50
270;4;19
270;8;91
270;5;33
271;5;91
271;7;45
271;10;15
271;11;21
271;4;93
272;1;3
272;6;59
272;2;64
272;7;50
272;10;74
272;8;64
272;11;21
272;3;85
273;8;54
273;7;2
273;9;93
273;2;6
273;1;81
273;4;83
273;5;85
273;11;100
274;2;24
274;4;76
275;11;64
275;8;39
275;3;94
275;6;80
275;5;71
275;7;66
275;1;56
275;4;49
276;11;17
276;9;92
276;10;80
276;7;63
276;5;92
276;8;18
276;2;30
276;1;88
276;4;72
276;3;45
277;8;59
277;4;52
277;1;25
277;6;80
277;10;43
277;7;36
277;9;6
278;8;26
278;6;29
279;2;34
279;11;29
279;1;40
280;3;94
280;10;65
280;8;9
280;5;94
280;7;66
280;9;84
280;6;49
280;4;39
281;4;2
281;8;86
281;11;28
281;7;18
281;6;10
281;1;42
282;2;73
282;6;49
282;11;82
283;8;91
283;6;92
284;1;3
284;11;74
285;3;48
285;11;89
285;4;67
285;5;72
285;10;5
285;7;95
286;1;12
286;6;31
286;4;97
286;2;31
287;3;91
287;6;71
287;1;62
287;2;64
287;7;75
287;11;21
287;10;59
287;9;78
287;8;76
288;11;71
289;10;9
289;2;47
289;7;69
289;3;64
289;11;78
289;1;64
289;4;30
289;5;82
290;1;47
290;5;14
290;10;42
291;8;77
291;7;11
291;6;42
291;3;100
291;5;93
291;9;95
291;11;85
291;1;26
292;10;89
293;11;78
293;9;7
293;7;68
294;1;98
294;6;57
295;2;75
295;9;35
295;1;82
295;7;60
295;8;52
295;4;79
296;3;20
296;9;12
296;8;8
296;4;2
296;11;73
296;5;6
297;11;85
297;6;95
297;3;6
297;10;17
297;8;92
297;5;84
297;9;44
297;4;14
297;2;85
297;1;28
298;10;35
298;8;47
298;3;52
298;7;26
299;8;52
299;7;12
299;4;18
299;11;25
299;6;17
299;2;65
299;10;33
299;5;63
299;1;36
299;9;51
300;5;33
300;8;92
300;11;85
300;10;36
300;6;31
301;6;20
301;4;6
301;8;52
301;1;70
301;9;68
301;7;55
301;10;80
301;5;8
302;9;3
302;5;13
302;6;22
302;11;29
302;1;54
302;8;1
302;10;12
302;3;87
302;2;45
303;9;92
303;3;67
303;11;71
303;10;19
303;4;67
303;5;64
303;1;57
304;4;80
304;3;49
304;5;27
304;8;56
304;10;52
304;9;3
304;2;90
304;1;31
304;6;64
305;4;68
305;7;57
305;9;25
305;11;59
305;2;18
306;11;42
306;5;30
306;2;17
306;4;90
306;10;37
307;2;93
307;3;77
307;7;42
307;10;17
307;9;18
307;1;60
307;5;54
308;9;48
308;8;74
308;4;86
308;3;11
308;11;42
308;6;20
309;1;15
309;2;55
309;7;99
309;6;45
309;9;89
309;11;35
309;4;43
309;8;82
310;10;27
310;6;10
310;3;83
310;9;77
310;1;9
310;5;31
310;2;24
310;7;23
310;4;9
310;11;86
311;4;80
311;10;65
312;5;29
312;3;10
312;1;75
312;4;95
312;6;28
312;10;97
312;7;61
313;8;10
313;3;68
313;6;27
313;2;75
313;10;77
313;11;17
313;1;75
313;5;93
314;7;17
314;5;15
314;8;27
314;9;77
314;3;80
314;4;72
314;6;95
315;3;77
315;2;7
315;6;23
315;5;5
315;11;69
315;4;33
315;10;2
315;8;31
315;1;66
315;7;45
315;9;7
316;10;27
317;9;67
317;3;61
317;6;46
317;10;38
317;4;20
318;7;47
318;5;70
318;4;85
318;1;35
318;11;42
318;8;65
318;9;17
318;6;22
319;1;9
319;7;54
319;8;91
319;9;20
319;10;25
320;5;4
320;4;94
320;11;44
321;7;84
321;6;52
321;5;64
321;8;52
322;3;81
322;4;8
322;9;22
322;1;90
322;10;35
322;7;57
322;5;6
322;2;8
323;1;44
324;2;90
324;6;7
324;1;11
324;7;10
324;4;75
325;2;89
325;7;37
325;1;8
325;5;25
325;8;1
325;10;77
325;6;66
325;11;77
326;8;36
326;9;64
326;5;7
326;6;59
326;11;34
326;4;97
327;1;17
327;8;2
327;5;32
327;3;30
327;10;82
327;7;48
327;9;82
327;6;25
327;11;40
328;8;36
328;6;6
328;11;16
328;1;3
328;4;57
328;9;5
329;7;34
329;9;40
329;2;12
329;5;26
329;11;85
329;4;21
329;8;11
329;6;45
329;3;11
330;8;90
331;3;39
331;9;9
331;11;78
331;5;86
331;8;94
331;7;44
331;2;29
331;4;96
332;1;88
332;2;2
332;9;75
332;11;66
332;3;8
333;10;98
333;8;14
334;11;72
334;9;31
334;4;22
334;2;100
334;1;10
334;10;43
334;3;91
334;6;86
334;5;65
334;7;81
335;7;98
335;5;17
335;1;6
336;1;2
336;4;65
336;7;6
337;2;54
337;7;58
338;11;6
339;9;93
339;1;5
340;2;30
340;11;56
340;5;33
340;6;14
340;3;66
340;1;82
340;8;28
340;4;88
340;7;30
340;10;5
340;9;51
341;7;67
341;10;3
341;1;2
341;6;12
342;3;85
342;8;45
342;7;28
342;5;84
342;9;60
343;5;87
343;4;62
343;2;79
343;8;20
343;3;89
343;9;63
344;9;61
344;3;15
344;8;87
344;10;98
344;11;100
344;4;28
344;1;49
344;5;66
345;1;28
345;5;36
345;11;91
346;6;44
346;8;9
346;5;73
346;3;83
346;7;46
346;1;50
347;6;20
347;10;81
347;8;100
347;9;37
347;7;15
347;2;69
347;11;58
347;1;74
347;4;6
347;3;92
348;2;23
348;11;67
348;6;45
348;5;26
348;9;83
348;8;56
348;7;81
348;3;71
349;11;18
349;5;36
349;9;12
349;10;50
349;6;16
349;7;78
349;1;19
350;11;81
350;5;46
350;8;50
350;2;22
350;10;98
350;6;20
350;1;1
350;7;26
350;3;53
350;9;88
351;2;72
351;3;86
351;10;67
351;6;38
351;1;76
351;5;78
351;4;75
351;8;100
351;9;5
351;7;40
352;5;11
352;3;5
352;9;73
352;7;4
352;8;98
352;2;22
353;3;10
353;2;9
353;11;12
353;7;16
353;5;56
353;1;16
353;6;60
353;4;15
353;8;80
353;10;91
354;8;23
354;3;59
354;11;73
354;7;35
354;6;5
354;2;29
354;5;3
354;10;67
355;9;63
355;4;43
355;7;30
355;10;55
355;3;30
355;5;80
355;2;2
355;11;45
355;8;87
356;9;37
356;7;17
356;8;8
356;5;35
356;10;41
356;4;22
356;11;9
356;2;94
357;9;39
357;4;1
357;6;64
357;1;41
357;2;86
357;3;34
357;5;79
357;7;65
358;3;97
358;8;50
358;2;57
358;7;75
358;11;97
358;9;75
358;5;5
358;4;84
358;6;75
358;10;73
359;6;23
359;3;7
359;8;24
359;5;18
359;4;3
359;9;75
359;1;25
359;10;49
359;2;29
359;7;33
360;8;97
361;3;36
361;7;60
361;5;7
361;9;45
361;6;24
361;2;36
361;4;32
361;10;47
361;8;61
361;11;75
362;11;58
362;8;45
362;1;3
362;7;35
363;3;8
363;8;70
363;1;6
363;7;27
363;11;37
364;3;46
364;2;35
364;1;4
364;7;65
364;11;74
364;5;46
364;10;10
364;4;32
364;8;96
365;4;64
365;6;2
365;2;50
365;11;30
365;10;8
365;5;62
365;3;68
365;8;81
365;1;53
365;7;33
366;4;86
366;11;45
366;5;28
366;6;91
367;2;96
367;7;19
367;10;23
367;6;98
368;6;31
369;10;17
369;7;9
369;2;85
370;9;36
370;6;6
370;10;3
370;2;82
370;8;67
370;11;48
370;3;55
370;5;100
371;4;38
371;3;50
371;1;13
371;9;38
371;8;61
371;11;14
371;6;44
371;2;78
371;10;92
371;5;76
372;3;79
372;8;69
372;6;26
373;1;91
374;4;76
374;2;30
374;5;66
374;11;53
374;1;34
374;3;54
374;7;31
375;4;26
375;5;83
375;9;93
375;2;34
375;1;67
375;11;82
375;3;62
375;10;68
375;8;38
376;4;92
376;10;55
376;2;7
376;5;3
376;3;75
376;9;32
376;8;22
376;11;77
376;1;62
376;6;86
376;7;65
377;4;88
377;5;10
377;6;91
377;7;95
377;11;25
377;8;57
378;11;77
378;4;67
378;5;62
378;6;33
378;7;100
378;10;14
379;10;35
379;5;84
379;3;70
379;9;14
379;11;10
379;4;100
379;8;23
379;2;43
379;7;27
380;1;61
380;11;75
380;2;78
380;10;52
380;5;47
381;7;78
381;4;75
381;9;3
381;6;42
381;3;8
381;2;28
381;10;29
381;11;5
381;5;78
381;8;90
381;1;79
382;10;80
382;1;80
382;7;65
382;3;95
382;6;25
382;4;78
382;2;97
382;5;51
382;9;1
382;8;94
382;11;93
383;5;80
383;3;2
383;4;86
383;1;80
383;9;71
383;2;50
383;6;5
383;7;90
383;10;70
383;8;56
383;11;65
384;10;89
384;11;85
384;1;38
384;7;81
384;3;50
384;2;20
384;5;32
384;8;10
384;9;95
384;4;35
384;6;20
385;9;74
385;11;19
385;7;84
385;4;49
385;10;34
385;5;13
385;1;2
385;2;70
386;6;85
386;5;16
386;1;41
386;2;57
387;6;39
387;2;61
387;1;10
387;7;64
387;4;21
387;8;55
387;9;80
387;10;32
387;5;78
387;11;65
387;3;68
388;4;1
388;8;74
388;3;5
388;11;53
388;9;16
388;10;68
388;7;42
388;5;3
388;6;57
389;7;86
389;9;80
389;4;49
389;10;79
389;11;15
389;8;59
389;6;3
390;4;77
390;2;35
390;10;53
390;3;12
390;1;27
390;9;5
390;7;3
390;8;2
391;6;7
392;6;55
392;9;86
392;8;20
392;3;11
392;11;41
392;5;49
392;2;41
393;4;8
394;3;53
394;1;33
395;9;94
395;5;45
395;6;23
395;4;34
395;8;5
395;3;95
396;7;93
396;3;56
396;9;67
396;2;81
396;4;42
396;5;17
396;10;34
396;8;81
396;11;59
396;1;39
396;6;27
397;10;88
397;3;55
397;9;44
397;7;22
397;4;82
397;6;53
397;2;34
397;5;85
398;3;28
398;8;45
398;1;20
398;7;48
398;9;37
398;10;58
399;5;89
399;2;86
399;10;48
399;3;47
399;4;13
399;9;69
399;6;53
399;1;69
399;8;46
399;7;80
400;1;45
400;2;76
400;11;61
400;6;2
400;9;78
400;10;65
400;7;48
400;3;83
400;5;82
401;11;92
402;7;96
403;3;45
403;4;64
403;7;25
403;9;100
404;3;20
404;6;100
404;1;30
404;2;91
404;4;20
405;2;81
406;2;53
406;8;8
406;3;36
406;9;27
406;4;92
406;6;70
407;4;15
407;10;20
407;7;17
408;6;71
408;2;46
408;9;12
408;4;91
408;5;45
408;11;14
409;11;89
409;6;69
409;7;79
409;10;89
409;9;1
409;5;67
409;4;59
409;8;96
410;3;20
410;5;6
410;6;94
411;1;58
411;4;46
411;2;40
411;8;16
412;5;11
412;6;22
412;11;28
412;8;58
412;10;44
412;3;4
412;9;25
412;1;19
412;7;48
412;4;20
413;9;43
413;10;35
413;6;20
413;3;70
413;1;6
413;11;75
414;4;34
414;9;20
414;1;80
414;5;54
414;7;46
414;2;99
414;3;61
415;11;77
415;2;59
415;1;24
415;4;66
415;5;48
415;6;11
415;9;73
415;8;51
415;10;53
416;2;10
416;6;92
416;4;11
416;9;7
417;6;75
417;1;81
417;9;24
417;5;33
418;3;20
418;6;46
419;7;46
419;4;87
419;1;35
419;11;69
420;11;22
420;6;99
420;10;5
420;8;21
421;6;79
421;8;3
421;5;42
421;11;62
422;1;5
422;8;83
422;4;48
422;11;25
422;5;72
422;6;22
423;3;80
423;1;92
424;10;72
424;2;11
424;1;25
424;6;50
424;5;4
424;9;20
424;3;17
425;7;57
425;10;68
426;5;96
426;4;19
426;11;23
426;7;2
426;10;81
427;8;47
427;3;64
427;1;99
428;9;79
428;4;96
428;10;1
428;8;70
428;7;86
428;3;82
428;5;85
428;11;7
428;2;99
429;2;25
429;5;29
429;10;27
429;7;81
429;8;34
429;4;8
429;6;70
430;11;39
430;5;89
430;8;80
430;3;57
430;4;96
430;1;71
430;2;83
430;10;58
430;6;27
430;7;7
430;9;14
431;1;67
431;10;24
431;6;89
431;7;15
431;4;44
431;8;75
431;9;30
431;5;79
431;3;74
431;11;9
432;8;73
432;9;31
432;3;75
432;7;66
432;2;71
433;2;79
433;3;79
433;5;9
433;4;43
433;6;42
433;7;56
433;11;52
433;8;11
433;1;24
433;9;96
433;10;74
434;8;98
434;6;74
434;11;70
434;2;92
435;5;77
435;11;6
435;7;85
435;8;76
435;3;27
435;6;11
436;4;63
436;10;40
436;11;76
436;5;5
436;3;3
436;8;48
437;4;27
437;1;24
437;11;96
438;6;32
438;10;99
438;9;29
438;11;16
438;3;3
438;8;55
438;7;66
439;3;2
439;2;11
439;10;78
439;9;48
439;11;84
439;5;58
439;4;31
440;11;45
440;6;14
440;10;35
440;8;37
441;1;31
441;4;14
441;11;70
441;5;61
441;9;24
441;2;14
441;3;62
442;9;29
443;7;69
443;4;27
443;11;9
443;10;73
443;3;60
443;1;3
443;6;23
443;2;70
443;8;70
444;6;17
444;10;88
444;1;68
444;7;35
444;9;89
445;7;20
445;5;48
445;10;10
445;1;68
445;6;66
445;3;48
445;8;9
445;9;10
445;4;96
446;9;29
446;5;81
446;6;95
446;7;76
446;2;82
446;3;88
446;4;43
446;8;29
446;11;28
447;3;24
447;1;4
447;6;78
447;9;77
447;11;99
447;2;14
448;8;82
448;1;4
448;2;29
448;6;31
448;3;56
448;10;59
448;9;20
448;7;6
448;11;92
449;7;42
449;5;75
449;3;1
449;2;77
449;8;97
449;11;42
449;4;86
449;10;40
449;9;56
449;1;47
449;6;54
450;2;90
450;6;25
450;3;60
450;1;22
450;8;22
450;7;9
451;1;79
451;10;87
452;2;21
452;4;26
452;9;80
452;10;73
452;5;80
452;8;10
452;1;71
452;3;26
452;11;53
452;7;65
452;6;36
453;8;87
453;5;42
453;7;21
453;3;88
454;4;21
455;8;39
456;9;92
456;1;25
456;6;47
456;11;93
456;2;12
456;10;41
457;1;88
458;5;22
458;2;72
458;1;15
458;6;85
458;10;44
458;11;90
458;7;95
458;8;19
459;1;28
459;10;28
459;9;62
459;8;19
459;4;76
459;6;7
460;10;82
460;7;28
460;2;84
460;4;41
460;5;66
460;8;26
461;11;25
461;6;86
461;3;6
461;8;66
461;9;43
461;1;54
461;4;8
461;2;77
461;7;66
462;4;53
462;11;96
462;9;66
462;1;8
462;5;90
462;3;63
462;2;22
462;7;69
462;8;13
462;6;50
462;10;70
463;10;28
463;6;43
463;4;93
463;1;67
463;5;26
464;2;10
464;4;50
464;7;52
464;5;71
464;6;59
464;10;99
465;8;73
465;9;62
465;5;43
465;10;84
465;6;45
466;8;84
466;2;37
466;6;94
466;10;20
467;9;100
468;3;66
468;8;92
468;1;19
468;7;89
468;11;29
468;9;86
468;10;81
469;8;81
469;2;6
469;3;38
469;9;33
469;6;6
469;5;98
469;1;49
469;11;70
469;4;66
469;7;56
469;10;70
470;3;31
470;1;94
470;8;89
470;5;69
470;7;96
470;2;60
470;9;36
470;4;79
471;4;89
472;3;20
472;8;86
472;2;62
472;7;67
472;6;71
472;4;97
472;11;22
473;7;78
473;6;19
473;8;96
474;8;45
474;3;65
474;2;14
474;5;8
474;1;15
474;4;91
474;11;67
474;7;79
475;2;69
475;6;82
475;11;12
475;5;80
475;10;14
475;1;42
475;4;29
475;7;57
475;8;84
476;8;58
476;2;15
476;5;66
476;7;44
476;3;20
476;10;22
477;6;48
477;8;62
477;3;62
477;2;83
477;4;64
477;5;60
477;1;41
477;9;60
478;8;68
478;7;62
478;9;91
478;6;13
478;5;49
478;1;14
479;9;8
479;6;64
479;10;97
479;3;69
480;3;76
480;6;20
480;11;96
480;8;31
480;10;18
480;5;4
480;1;39
480;7;40
480;9;98
481;11;12
482;1;13
482;11;67
482;4;2
482;10;37
482;3;96
483;4;100
483;10;7
484;1;32
484;6;17
484;8;41
484;11;25
484;5;59
484;9;12
484;2;83
485;9;70
485;7;13
485;8;56
485;5;25
485;11;65
485;6;67
485;3;45
485;10;17
485;2;15
485;1;11
485;4;85
486;1;55
486;2;90
486;7;37
486;9;57
486;4;34
486;8;30
486;10;39
486;3;78
486;5;46
486;6;63
487;6;14
487;4;90
487;10;9
487;7;99
488;3;73
488;4;27
488;9;12
488;8;92
488;6;19
488;2;72
489;2;21
489;1;70
489;3;68
489;8;55
489;10;41
489;11;90
489;9;39
489;7;57
489;4;2
490;6;38
490;10;63
490;3;45
490;1;19
490;11;27
490;7;63
490;8;41
490;9;69
490;2;10
490;5;99
491;1;86
491;10;55
491;6;69
492;8;23
492;11;100
492;6;37
492;3;28
492;7;78
493;2;71
493;6;89
493;10;76
493;5;95
493;8;10
493;1;20
493;7;82
493;11;15
494;1;89
494;10;62
494;11;92
494;3;83
494;9;23
494;8;64
494;7;29
494;2;8
494;6;54
495;3;49
495;9;24
495;1;8
495;8;59
495;6;34
495;10;27
496;2;86
496;8;40
496;10;52
496;3;78
496;6;62
497;6;16
497;7;13
497;4;62
497;10;26
498;9;67
498;6;87
498;3;66
498;5;34
498;1;11
499;9;59
500;6;70
500;5;57
500;1;38
500;9;97
500;8;85
500;3;51
500;11;54
500;4;35
501;8;64
501;7;52
501;11;64
501;9;96
501;1;20
501;5;68
501;6;50
501;3;91
501;4;36
501;10;70
502;4;79
502;5;15
502;2;63
502;1;56
502;9;16
502;7;69
502;3;82
502;10;40
502;8;87
502;6;22
503;7;87
503;6;82
503;8;62
503;10;91
503;3;79
503;1;21
503;4;25
503;5;98
503;2;2
503;9;37
503;11;6
504;4;18
504;3;2
504;7;40
504;11;26
504;5;7
504;9;87
504;2;33
504;10;87
504;1;8
505;10;30
506;2;5
506;5;59
507;2;30
507;6;58
507;11;60
507;4;66
507;5;76
507;10;40
507;7;7
507;8;92
507;3;31
508;11;67
508;2;3
508;8;71
508;6;3
509;4;84
509;2;10
509;10;35
509;6;33
509;3;90
509;9;86
509;8;51
510;10;70
510;8;7
510;4;11
510;11;38
510;9;59
511;1;60
511;2;45
511;11;11
511;8;50
511;7;44
511;6;32
511;5;60
511;9;5
512;7;25
512;9;28
512;2;95
512;8;9
512;10;64
512;1;17
513;6;56
513;2;51
513;7;84
513;5;62
513;10;40
514;5;85
514;7;91
514;9;94
514;1;96
514;8;4
514;11;99
514;6;8
514;10;5
514;2;15
515;2;57
515;9;17
515;5;38
515;11;97
515;3;21
515;6;94
515;7;42
515;10;21
515;8;97
515;4;54
515;1;42
516;3;83
516;7;27
516;8;22
516;10;15
516;2;96
516;1;12
516;9;88
516;5;40
516;6;1
517;11;71
517;4;17
517;10;94
518;4;4
518;8;73
519;8;11
519;6;98
519;1;85
519;2;24
519;7;21
520;11;78
520;1;91
520;10;48
521;2;28
521;10;18
521;3;91
521;4;53
521;5;18
521;8;85
521;6;43
521;9;57
521;11;37
521;1;64
521;7;28
522;7;46
522;1;38
522;2;67
522;10;26
523;1;96
523;7;13
523;11;57
523;5;11
523;3;61
523;2;97
523;4;35
523;6;42
523;9;25
524;10;66
524;8;3
524;4;48
525;6;17
526;4;60
526;1;54
526;8;68
527;4;22
527;11;90
527;10;58
527;3;81
527;2;80
527;8;82
527;9;77
527;5;76
527;6;84
527;7;91
527;1;47
528;9;71
528;5;70
528;6;33
528;10;16
529;1;21
529;2;35
530;4;19
530;6;37
530;5;37
531;5;55
531;4;75
531;10;18
531;8;91
531;6;65
531;7;7
531;11;54
531;3;62
531;9;58
531;1;23
532;5;58
532;4;24
532;10;73
532;9;74
533;10;37
533;8;98
533;3;13
533;9;60
533;5;53
533;1;49
533;6;73
533;11;99
533;4;100
533;2;8
534;1;25
534;10;56
534;8;46
534;7;91
535;11;67
535;4;28
535;6;78
536;1;89
536;3;65
536;2;75
536;9;91
536;10;14
536;11;56
536;6;82
536;4;89
537;11;71
537;4;25
537;5;93
537;1;55
537;9;82
537;3;38
537;2;19
538;3;36
538;11;81
538;1;65
538;8;64
538;9;55
538;5;22
538;6;95
538;7;66
538;10;26
538;4;11
539;7;88
540;5;62
540;7;64
540;3;53
540;2;98
540;1;32
540;9;78
541;5;10
541;4;65
541;6;11
541;2;77
541;3;15
541;10;29
541;11;61
541;8;69
542;11;9
542;7;74
542;3;20
542;1;2
542;2;23
542;6;66
542;8;61
542;9;53
543;7;6
543;11;15
543;8;16
543;5;49
543;10;9
543;2;39
544;8;90
544;9;98
544;5;70
544;11;15
544;4;76
544;6;56
544;10;45
544;3;35
544;7;84
545;8;56
545;4;99
545;5;51
545;2;35
546;1;34
546;4;12
546;5;67
546;3;36
546;6;93
547;5;68
547;9;33
547;7;90
548;7;98
548;10;72
548;6;46
548;2;95
548;1;85
548;4;58
549;5;14
549;4;62
549;9;55
549;6;60
550;3;96
551;1;13
551;4;54
551;10;16
551;11;11
551;9;61
551;5;50
551;7;14
552;5;8
552;6;4
552;1;6
552;8;70
552;7;49
552;3;45
552;4;33
552;2;65
553;2;43
553;8;59
553;3;4
553;9;59
553;6;99
553;5;97
553;11;71
553;1;93
553;7;16
554;3;25
554;6;97
554;10;11
555;10;4
555;2;4
555;1;94
555;5;70
555;11;25
555;9;92
555;8;29
555;4;55
555;6;18
556;2;89
556;1;16
556;5;53
556;10;15
556;4;99
556;11;15
556;7;51
556;8;43
556;3;63
556;6;66
557;2;58
557;7;17
557;8;51
557;6;86
557;11;51
557;5;88
557;3;52
558;2;19
558;1;60
558;7;32
558;5;84
558;4;43
558;10;29
558;3;15
558;11;74
558;8;62
558;6;73
558;9;48
559;1;24
559;5;98
560;8;58
560;11;4
560;1;70
560;7;41
560;6;3
560;5;93
560;2;36
560;9;55
561;5;76
561;10;67
561;2;14
561;3;13
562;5;11
562;1;83
563;1;87
563;4;85
563;6;30
563;10;68
564;1;43
564;10;52
565;9;11
565;5;66
565;4;72
565;6;43
565;3;29
566;3;34
566;6;97
566;10;75
566;11;53
566;4;40
566;7;72
566;5;88
566;2;96
566;9;66
566;1;89
567;2;54
567;5;91
567;8;43
568;10;32
568;6;21
568;2;20
568;9;72
568;3;97
568;8;89
568;1;42
568;11;41
568;5;13
568;7;35
569;11;26
569;2;18
569;9;12
569;10;87
569;7;69
569;8;64
569;6;89
569;4;2
569;3;46
569;5;44
569;1;19
570;9;7
570;4;36
570;3;46
570;1;19
570;7;10
570;11;76
571;8;75
571;4;4
571;3;7
571;2;20
572;2;15
572;6;74
572;10;21
573;3;23
573;8;51
573;5;38
573;10;79
573;9;17
574;2;30
574;4;45
574;11;89
574;10;55
574;3;30
574;1;74
574;8;24
575;2;20
575;8;97
575;7;94
575;1;45
575;6;91
576;10;97
576;5;9
576;2;18
576;4;21
576;8;68
576;7;9
576;9;63
576;6;25
576;11;52
576;3;44
577;3;14
577;11;88
577;8;100
577;10;62
577;6;47
577;4;55
577;1;70
577;9;29
578;2;90
578;9;48
578;10;73
578;4;45
578;1;54
578;8;84
579;11;98
579;9;84
580;4;55
580;7;66
580;8;9
581;1;66
582;4;46
582;7;63
582;10;67
582;3;81
583;8;83
583;5;6
583;1;8
583;9;89
583;4;32
583;11;33
583;6;23
583;10;77
583;2;47
584;9;66
584;3;61
584;7;30
585;4;81
585;2;33
585;1;65
585;3;99
585;11;69
585;8;74
585;7;71
585;9;33
585;10;14
586;3;4
586;7;80
586;4;62
586;2;79
586;8;60
586;11;70
587;2;99
587;10;75
587;11;98
587;7;24
587;8;10
587;1;84
587;3;7
587;9;2
587;5;56
587;4;32
587;6;3
588;11;54
588;5;1
588;6;92
588;3;53
588;8;22
588;9;82
588;4;69
588;10;15
588;7;48
588;2;91
589;8;26
589;5;1
589;9;25
589;4;1
589;3;83
589;2;29
590;9;94
590;6;93
590;5;32
590;3;96
590;10;79
590;1;18
590;11;93
591;3;2
591;4;41
591;10;91
591;5;4
591;6;34
592;3;11
592;7;73
592;8;88
592;5;10
592;2;17
592;9;98
592;10;87
592;4;19
592;11;10
592;1;6
593;3;16
593;6;60
593;9;20
593;11;76
594;2;3
594;10;39
594;7;20
594;6;65
594;8;29
594;3;79
594;11;36
594;1;62
594;5;10
595;5;25
595;1;34
595;4;94
595;10;74
595;7;89
595;2;8
595;3;66
595;6;17
595;11;56
596;5;16
596;10;76
596;2;62
596;11;37
596;3;87
596;9;27
596;1;48
596;7;27
596;6;57
596;8;21
597;1;62
597;8;97
597;4;39
597;9;78
597;7;39
597;10;7
597;6;74
597;5;25
597;2;38
598;9;20
598;3;41
598;2;50
598;5;12
598;6;80
598;8;79
598;1;52
598;11;51
598;7;2
599;6;67
600;8;79
600;2;65
600;9;8
601;4;51
601;2;49
601;6;93
601;9;84
601;11;47
601;5;59
601;7;59
601;8;100
602;2;40
602;7;17
602;6;37
602;5;82
602;4;50
602;11;97
602;8;96
602;9;36
603;1;74
604;5;47
604;8;13
604;9;39
604;7;71
604;10;45
604;1;62
604;3;21
604;11;9
604;6;72
605;8;61
605;1;53
605;10;81
605;9;23
605;2;53
605;5;66
605;6;73
606;1;70
606;3;9
606;6;67
606;2;100
606;4;69
606;7;21
607;11;57
607;10;78
607;5;74
607;6;17
607;8;8
607;1;91
607;9;89
607;2;84
608;4;73
609;4;46
609;3;14
609;10;71
609;1;96
609;7;62
609;11;51
610;4;44
610;8;91
610;11;46
610;5;13
610;3;4
610;6;19
610;7;60
611;10;53
611;3;31
611;11;84
611;7;3
611;5;32
611;6;94
611;8;12
611;2;20
612;9;95
613;6;67
613;3;96
613;7;7
613;11;50
614;4;88
614;5;21
614;1;43
614;10;45
614;11;7
614;2;67
614;7;79
615;9;97
615;2;86
615;4;64
615;11;27
615;5;32
615;10;91
615;6;42
615;1;34
616;11;98
616;10;79
616;1;36
616;7;4
616;4;51
616;8;1
616;6;6
616;9;73
616;2;92
616;5;28
616;3;14
617;9;57
617;6;52
617;4;84
617;2;50
617;5;8
617;10;98
617;3;69
617;1;86
618;8;41
618;6;98
618;2;89
618;7;100
618;4;23
618;10;4
618;1;1
618;11;54
618;9;84
619;6;85
619;7;66
619;2;65
619;8;86
619;11;60
619;5;35
619;3;11
620;5;10
621;1;17
621;6;35
622;4;9
623;3;77
623;1;98
623;2;79
623;11;68
623;9;30
623;5;36
623;10;32
623;8;89
624;7;51
624;11;53
624;8;95
624;3;7
624;9;5
625;5;79
625;2;11
626;8;80
626;2;21
626;1;61
626;4;47
626;5;22
626;3;54
626;6;60
626;11;48
626;10;61
626;7;94
626;9;21
627;4;38
627;10;43
627;8;97
627;7;48
627;3;43
627;2;66
628;2;61
628;11;77
628;5;3
629;6;54
630;11;34
630;2;94
630;10;79
630;9;97
630;6;17
630;3;73
631;8;61
631;9;2
631;6;4
631;1;76
631;3;42
631;7;78
631;5;59
631;2;24
631;10;12
631;4;97
631;11;6
632;5;40
632;6;36
633;1;57
634;7;52
634;6;72
634;3;48
634;9;85
634;2;10
634;5;22
635;7;28
635;5;47
635;3;100
635;9;15
635;11;95
635;8;51
636;3;28
636;5;9
636;1;72
636;11;27
636;4;34
636;7;12
636;10;38
636;6;32
637;10;73
637;7;77
637;3;27
637;2;8
637;6;43
638;6;45
638;1;26
638;11;12
639;11;92
639;7;12
639;6;63
639;5;93
640;4;99
640;10;39
640;9;47
641;10;46
641;3;78
641;5;64
641;11;98
641;9;50
641;2;69
641;1;99
641;7;20
642;7;98
642;1;42
642;3;91
642;8;86
642;9;65
643;11;79
643;10;37
643;7;66
643;4;11
643;5;23
643;3;98
644;1;66
644;5;66
645;7;92
645;5;14
645;9;37
645;4;67
646;8;55
646;3;46
646;2;65
646;7;38
646;6;95
646;1;51
646;4;82
646;9;88
646;10;92
646;11;59
646;5;81
647;8;48
647;5;37
648;6;83
648;7;51
649;1;6
649;9;55
649;10;85
649;5;10
649;6;36
649;7;80
650;10;19
650;3;98
650;4;77
650;1;19
651;8;59
651;10;81
651;5;35
651;11;34
652;11;69
652;8;74
653;9;38
653;1;13
653;7;34
653;11;40
653;2;48
653;8;73
653;5;47
653;3;47
653;6;55
653;10;40
653;4;90
654;5;7
654;10;76
654;1;3
654;11;2
654;8;55
654;3;27
654;4;34
654;6;45
655;5;64
655;11;82
656;3;97
657;3;54
657;1;16
657;10;60
657;8;74
657;7;84
657;11;41
657;9;21
657;4;25
658;6;15
658;9;23
658;2;44
658;11;49
659;9;44
660;11;69
660;4;2
660;2;70
660;3;40
660;9;7
660;10;99
660;8;64
661;8;8
661;11;51
661;3;22
661;4;87
661;2;39
661;5;8
661;9;80
662;6;16
663;6;91
663;2;93
664;3;38
664;4;22
664;9;72
664;8;10
664;10;98
665;1;10
665;3;74
665;2;59
665;11;13
665;4;6
665;10;88
665;9;40
665;5;64
665;7;68
665;8;62
666;3;39
666;10;72
666;9;5
666;1;16
666;11;82
666;4;48
666;7;43
666;5;42
666;2;12
666;6;52
666;8;26
667;4;59
667;11;48
667;8;48
667;9;68
667;1;88
667;6;97
668;7;37
668;11;73
668;1;27
668;4;41
668;3;74
668;10;7
668;5;14
668;2;88
669;2;67
669;6;62
669;1;71
669;10;65
669;9;42
669;7;57
669;3;61
669;5;7
670;8;4
670;5;54
670;6;70
670;9;100
670;4;17
670;2;83
670;10;81
670;7;39
671;3;22
671;8;87
671;5;94
671;4;94
671;1;49
671;6;49
671;2;82
671;9;18
671;11;1
672;3;59
672;7;51
672;8;67
672;6;33
672;4;94
672;5;49
672;11;83
673;11;1
673;3;13
673;5;24
673;10;43
673;1;60
674;9;6
674;7;12
674;10;73
674;6;12
674;3;65
674;2;76
674;1;99
674;5;31
675;6;4
676;8;36
676;7;90
676;11;30
676;9;3
677;11;42
677;6;8
677;9;7
677;8;42
677;10;14
677;7;40
677;1;59
677;4;40
677;5;55
677;2;48
677;3;16
678;5;71
678;4;45
679;8;97
679;3;87
679;11;23
679;9;26
680;11;41
680;7;37
680;4;56
680;6;36
680;3;19
680;1;27
681;10;94
681;8;71
681;6;14
681;2;60
681;5;68
681;1;48
681;3;48
682;10;10
682;6;52
682;9;41
682;2;95
682;5;29
682;7;39
682;11;60
682;8;8
682;1;16
682;4;70
683;4;61
683;9;51
683;1;15
683;5;96
683;3;58
683;2;15
683;8;84
683;6;27
683;7;29
684;3;75
684;8;24
684;6;91
684;7;76
684;4;66
684;1;77
684;9;69
684;2;47
685;10;86
685;2;28
685;6;73
685;8;92
685;4;24
685;5;54
685;1;29
685;11;30
686;4;11
686;11;63
686;9;26
686;6;6
686;8;67
686;10;98
687;6;43
687;11;71
687;1;81
687;9;86
687;4;62
688;2;41
688;10;98
689;2;99
689;7;13
689;8;75
689;9;8
689;5;65
689;1;33
689;11;22
689;4;20
689;10;62
689;3;83
689;6;34
690;6;32
690;9;77
691;2;61
691;9;49
691;11;43
691;5;46
691;6;53
692;6;91
692;1;74
692;10;98
692;9;54
692;5;22
692;11;92
692;3;84
692;2;92
692;4;65
693;11;87
693;9;24
693;8;99
693;4;91
693;1;72
694;6;89
694;5;89
694;8;71
694;11;41
694;9;81
694;4;82
694;7;9
694;10;89
695;5;41
695;9;39
695;8;10
695;11;11
695;4;2
695;10;89
695;1;62
695;2;32
695;7;89
695;6;70
696;11;31
696;9;98
696;3;25
696;2;36
696;10;47
696;6;23
696;1;56
696;8;17
696;5;90
696;4;27
696;7;41
697;7;82
697;4;57
697;10;56
697;2;55
697;8;5
697;6;15
697;1;95
698;1;91
698;2;100
698;3;50
698;7;59
698;5;81
698;6;83
698;9;9
698;11;14
698;10;92
698;4;57
699;7;29
699;9;44
700;1;93
700;4;80
701;9;52
701;11;54
701;8;4
701;7;70
701;6;88
702;9;52
702;2;28
702;11;54
702;4;29
702;1;50
703;11;30
703;6;74
703;5;84
703;2;7
703;7;96
703;4;99
703;10;23
703;3;80
704;9;54
704;4;62
704;1;69
705;5;54
705;7;54
706;11;53
706;7;68
706;4;4
706;8;81
706;1;95
706;10;13
706;6;37
706;2;16
707;11;96
707;8;29
707;7;24
708;3;97
708;10;58
708;1;65
708;8;73
708;9;19
708;2;40
708;7;1
708;11;46
708;6;83
708;4;55
709;2;84
709;4;61
709;8;48
709;6;46
710;7;25
710;8;21
710;5;77
710;3;91
710;4;43
710;6;6
710;1;34
710;11;50
710;10;37
710;2;36
710;9;97
711;9;60
711;6;54
711;7;73
711;3;25
711;1;22
711;5;36
711;11;8
711;2;26
711;4;100
711;8;13
712;11;58
712;2;34
712;7;24
712;4;69
712;1;7
712;8;58
712;10;28
712;3;62
712;9;37
712;6;23
712;5;18
713;2;81
713;10;10
713;1;45
713;3;34
713;6;53
713;8;88
713;7;90
714;7;65
714;1;25
714;5;51
714;10;23
715;6;79
715;8;85
715;1;62
716;5;53
716;3;18
716;10;74
716;8;89
716;1;21
716;7;97
716;9;87
716;11;23
716;4;9
717;1;29
717;6;17
717;11;55
717;7;75
718;7;84
718;11;62
718;3;33
718;8;100
718;10;87
719;11;84
719;2;12
719;5;28
719;10;64
719;3;44
719;7;35
719;6;45
719;1;13
719;9;92
719;4;10
719;8;33
720;6;88
720;4;20
720;9;81
720;1;51
720;10;37
720;11;1
721;11;72
722;7;28
722;6;26
722;1;76
723;4;30
723;5;47
723;9;75
723;7;52
723;2;77
723;1;64
723;3;79
723;10;36
723;11;49
723;6;97
724;6;97
724;8;10
724;1;4
724;7;38
724;10;62
724;4;52
725;9;69
725;7;95
725;4;42
725;3;36
725;10;19
725;11;97
725;6;11
726;10;37
726;11;36
726;7;74
726;4;84
727;7;2
727;2;98
727;11;100
727;9;24
727;10;45
727;6;8
727;3;15
727;8;9
727;1;67
728;2;25
728;6;33
728;7;33
728;5;85
728;1;60
728;10;47
728;9;43
728;3;64
729;5;62
729;4;82
729;9;81
729;8;52
729;11;80
729;7;54
729;3;23
729;2;21
729;1;86
730;9;1
730;10;78
730;2;90
730;1;20
730;3;3
730;5;88
730;7;95
730;11;85
730;4;31
731;10;32
731;8;86
731;5;24
731;1;9
731;6;59
731;7;72
731;9;97
731;4;47
731;3;22
732;6;40
732;5;21
732;2;9
732;10;93
732;11;99
732;3;98
733;11;23
733;8;77
733;5;36
733;9;38
733;7;33
733;3;60
733;10;15
734;7;6
734;6;93
734;8;14
734;1;28
734;2;26
734;4;21
734;3;98
734;9;78
734;11;36
735;11;22
735;8;44
736;4;35
736;11;18
736;2;35
736;5;3
736;3;45
737;2;14
737;5;69
737;7;36
737;6;97
737;11;59
737;8;65
737;4;38
738;8;91
738;4;31
739;8;83
740;7;45
740;10;48
740;2;98
740;5;18
740;8;87
740;9;6
740;3;44
740;1;34
740;4;8
741;8;43
741;9;68
741;1;82
741;11;17
741;4;21
742;1;58
742;4;21
742;10;27
742;5;29
742;6;22
742;11;40
742;7;92
742;3;57
742;9;7
742;2;87
743;10;25
743;5;90
743;6;7
743;2;33
743;11;44
743;8;1
744;9;95
744;1;21
744;10;97
745;8;11
745;9;90
745;2;21
745;1;94
745;7;70
745;3;89
745;10;70
745;6;1
745;5;76
745;11;81
746;5;10
746;11;85
746;9;33
746;7;57
746;2;46
746;3;43
746;10;87
746;6;70
746;8;59
746;4;86
747;9;89
747;11;76
747;4;48
747;5;60
748;5;19
748;6;28
748;2;89
748;7;59
748;1;75
748;10;18
748;8;17
748;9;11
748;3;52
748;4;83
748;11;69
749;7;40
749;1;42
749;5;77
749;2;38
749;8;60
749;6;9
749;10;100
750;11;53
750;2;72
751;11;70
751;4;42
752;1;90
752;7;74
752;8;21
752;11;63
752;4;43
752;10;37
753;1;35
753;4;92
753;2;78
753;7;80
753;10;75
753;3;96
753;9;63
753;11;25
753;6;31
753;5;2
754;3;43
754;5;54
754;9;26
755;7;2
755;11;58
755;4;97
755;5;94
755;6;57
755;9;77
755;2;32
755;3;15
755;8;71
756;6;84
756;9;79
756;1;18
756;5;24
756;4;41
756;2;95
756;7;7
757;9;68
757;6;12
757;8;18
757;10;75
757;3;35
758;9;1
758;11;28
759;11;2
759;4;58
759;6;68
759;8;24
759;5;21
759;1;76
759;10;59
759;3;90
759;9;47
760;8;44
760;4;60
760;2;11
760;7;35
760;3;88
760;11;43
760;10;62
760;1;67
760;6;99
760;9;32
760;5;18
761;4;62
761;10;43
761;9;87
761;7;64
761;8;74
762;6;26
762;3;15
762;7;30
762;1;96
762;2;91
762;11;85
763;9;29
763;11;71
763;2;83
763;6;98
763;4;85
763;5;69
763;8;39
763;1;93
764;4;58
764;9;51
764;8;11
764;3;26
764;10;26
764;7;67
764;6;28
764;2;96
765;8;56
765;9;81
765;1;62
765;7;96
766;8;100
766;3;8
766;1;61
766;10;79
766;9;81
766;2;32
767;4;33
767;1;40
767;6;40
767;9;33
767;5;47
767;3;43
767;10;88
767;11;33
767;8;93
767;7;81
767;2;7
768;4;8
768;3;89
768;5;95
768;6;29
768;7;21
768;10;73
768;11;5
768;8;29
768;1;97
768;9;62
768;2;30
769;2;66
769;9;97
769;11;6
769;8;38
769;1;86
769;6;36
769;10;69
769;7;5
769;3;48
770;10;91
771;6;36
771;3;35
771;8;47
771;11;23
771;10;56
771;7;25
771;1;12
772;6;26
772;11;13
772;5;73
772;4;4
772;7;9
772;1;92
773;3;38
774;1;96
774;10;50
775;3;13
776;10;72
776;9;65
776;6;80
776;8;68
776;2;58
776;1;5
776;7;66
776;5;29
776;11;66
776;3;33
776;4;50
777;6;35
777;7;43
777;8;74
777;3;77
777;2;77
777;1;93
777;11;61
777;10;81
777;5;24
778;2;29
778;6;36
778;1;36
778;11;70
778;10;37
778;5;90
778;8;1
778;3;78
778;7;85
779;5;80
779;7;32
779;8;95
779;1;85
779;9;32
780;4;77
780;10;39
780;1;64
780;8;69
780;9;54
780;2;94
780;5;96
780;6;93
780;7;2
780;3;81
781;5;77
781;1;41
781;4;35
782;3;99
782;7;13
782;4;29
782;5;13
783;1;96
783;5;36
783;10;3
783;8;85
783;9;24
783;2;32
783;4;5
783;11;89
783;6;90
783;3;35
784;8;56
784;1;77
784;10;69
784;5;28
784;11;10
784;2;47
784;6;47
784;3;61
784;4;96
784;7;78
784;9;73
785;9;56
785;5;32
785;6;44
785;10;48
785;3;16
786;6;93
786;5;5
786;2;100
786;9;97
786;8;27
786;1;96
786;7;45
787;5;69
787;10;17
788;11;17
788;3;44
788;7;96
788;9;89
788;8;31
788;4;17
788;1;7
788;2;43
788;10;60
788;5;2
789;4;98
789;7;47
789;5;53
789;10;46
789;8;55
789;11;98
789;1;55
789;2;97
790;4;63
790;8;10
790;10;91
790;9;51
790;6;16
790;1;25
790;7;71
790;11;16
790;2;18
790;5;10
790;3;37
791;11;21
791;6;79
791;10;11
792;10;44
792;9;64
792;11;56
793;11;55
793;10;35
793;3;46
793;4;92
793;8;91
793;6;44
793;1;48
793;7;88
793;2;82
793;5;38
794;10;6
795;8;1
795;3;16
796;2;36
796;6;28
796;4;19
796;3;58
796;1;15
796;7;6
796;5;30
796;10;31
796;8;6
796;9;47
796;11;36
797;2;41
797;10;7
797;7;13
797;6;48
797;4;93
798;6;79
799;6;78
799;11;88
800;8;86
800;1;63
800;11;80
800;5;82
800;7;34
800;6;15
800;4;40
800;10;54
800;2;37
800;9;41
800;3;11
801;5;53
801;10;84
801;2;80
801;9;59
801;3;73
801;4;72
801;8;66
801;7;84
801;11;32
802;5;80
802;2;93
802;11;37
802;1;4
802;9;95
802;4;72
802;3;1
802;6;3
802;7;20
803;6;89
803;1;64
804;5;85
804;10;82
804;7;3
804;8;76
805;2;37
805;7;59
805;1;23
805;8;3
805;6;61
806;2;81
806;5;18
807;10;14
807;4;24
807;8;97
807;11;30
807;7;44
807;6;19
807;3;11
807;5;12
807;9;100
807;1;99
807;2;39
808;11;90
809;11;20
809;5;74
809;2;41
809;6;8
810;3;62
810;4;92
810;9;16
810;6;72
810;1;29
810;5;26
810;8;27
810;10;17
810;7;74
810;2;86
811;10;43
811;5;63
811;9;16
811;3;98
811;6;74
811;2;70
811;4;8
811;11;28
811;8;32
811;1;6
812;11;69
812;10;63
812;5;47
812;6;89
812;9;41
813;11;28
814;1;1
815;8;16
815;10;78
815;9;11
815;7;72
815;11;59
815;2;2
815;3;3
815;6;42
815;1;52
815;5;10
815;4;51
816;5;20
816;11;47
816;3;56
816;8;70
816;9;6
816;1;92
816;6;52
816;10;83
817;6;11
817;8;14
817;10;78
818;11;72
818;5;69
818;6;44
818;4;58
818;9;46
818;10;5
818;2;30
818;1;6
818;8;3
818;3;86
818;7;97
819;6;11
819;3;92
819;5;48
819;11;4
820;7;81
821;5;41
821;2;58
821;3;34
821;11;18
821;6;84
821;9;10
821;7;96
821;10;25
822;4;45
822;5;81
823;2;60
823;10;56
823;11;34
823;7;73
823;4;93
823;6;12
823;8;52
824;11;83
825;11;54
825;4;87
825;6;49
825;2;67
825;7;88
825;1;38
826;5;20
827;4;85
827;9;9
828;4;7
828;2;38
828;1;62
828;3;30
828;10;84
828;6;16
828;7;60
828;11;84
828;9;7
829;7;54
829;10;84
829;1;42
829;3;89
829;11;90
829;4;70
829;8;27
829;9;7
830;6;28
830;1;5
830;10;98
830;3;94
830;8;63
830;2;90
830;4;3
830;7;92
830;5;66
831;4;52
831;10;37
831;3;53
831;8;18
831;9;52
831;2;76
831;5;64
831;1;36
831;6;33
831;7;94
831;11;40
832;2;14
832;7;90
832;9;81
832;3;21
832;1;99
833;10;68
833;4;53
833;2;36
833;5;12
833;7;83
833;3;40
833;8;50
833;6;27
833;11;21
833;9;85
833;1;98
834;3;30
834;11;26
834;8;26
834;6;95
834;9;34
834;7;51
834;10;73
835;9;100
835;7;68
835;2;45
835;5;86
835;1;42
835;8;5
835;10;44
835;11;74
835;4;30
836;7;58
837;5;10
837;10;24
838;11;87
839;2;61
839;4;8
839;6;76
839;7;52
839;10;69
839;9;18
839;3;69
839;11;88
839;8;9
840;10;24
840;6;3
840;1;98
840;11;44
840;9;78
841;5;8
841;7;87
842;6;21
842;3;72
843;2;37
843;6;48
843;5;91
844;9;17
844;1;74
844;10;100
844;6;36
844;2;60
845;5;88
845;11;76
846;8;38
846;2;85
846;9;33
846;4;48
846;11;42
846;1;90
846;7;29
846;10;16
846;5;20
846;6;56
846;3;51
847;7;60
847;1;94
847;3;45
847;8;89
847;10;52
847;2;30
847;6;38
847;4;65
847;5;33
848;2;14
848;9;34
848;6;96
848;3;1
848;4;87
848;1;18
848;11;77
848;7;60
848;5;48
848;10;75
849;1;1
849;7;24
849;2;4
850;11;78
850;10;77
850;1;50
850;4;62
850;5;95
850;7;100
850;2;95
851;10;77
852;9;15
852;6;44
852;2;50
852;10;79
852;7;90
852;11;33
852;5;53
852;4;76
853;4;4
853;7;25
853;5;50
853;10;38
853;6;82
853;11;73
853;1;29
853;9;88
853;8;70
853;3;63
853;2;50
854;6;8
854;2;53
854;9;11
854;10;81
854;7;33
854;11;58
854;4;64
854;3;4
854;5;20
854;8;35
854;1;75
855;1;86
855;5;1
855;8;42
855;11;26
855;6;98
855;2;14
855;7;39
855;9;46
855;3;47
856;1;93
856;2;59
856;6;100
856;9;5
856;4;59
856;7;16
856;3;67
857;9;31
857;5;74
857;3;23
857;7;84
857;8;23
857;10;73
858;8;33
859;1;32
859;10;3
859;4;71
860;9;55
860;8;59
860;10;69
860;7;99
860;4;38
860;11;67
860;2;64
861;10;57
862;10;47
862;1;25
862;8;52
862;6;75
862;11;79
862;9;61
862;3;54
862;5;91
862;2;79
862;7;91
862;4;83
863;4;36
863;2;25
863;6;85
863;1;49
863;5;84
863;8;18
863;3;26
863;9;4
864;5;36
864;9;79
864;4;33
864;8;86
864;2;36
864;6;29
864;1;2
865;4;40
865;10;78
865;1;100
865;7;28
865;5;72
865;11;36
865;2;47
865;8;3
865;3;36
865;6;17
866;6;93
866;4;39
866;5;18
866;7;35
866;2;81
866;9;42
867;4;30
867;2;56
867;10;42
867;7;48
867;8;57
867;11;50
867;3;99
867;1;26
867;5;35
867;6;53
867;9;33
868;2;11
868;11;73
868;5;99
868;3;57
868;1;25
868;9;22
868;4;82
868;10;27
869;4;16
869;2;66
869;1;67
869;11;25
869;7;59
869;8;5
869;6;66
869;9;42
869;3;14
870;2;49
870;6;42
870;8;79
870;11;96
870;5;96
870;1;86
870;3;82
870;9;47
870;4;48
871;10;79
871;7;1
871;8;99
871;4;91
871;9;51
871;2;27
871;6;47
871;3;43
872;4;19
872;5;4
872;6;83
872;10;35
873;4;44
873;11;6
873;6;54
873;1;97
873;7;79
873;9;43
873;5;34
873;10;15
873;3;94
873;8;13
873;2;11
874;9;99
874;4;31
874;6;1
874;8;1
874;7;70
874;2;74
874;1;44
874;10;100
875;11;31
875;1;29
876;10;90
876;4;47
876;9;68
876;1;70
876;6;48
876;3;16
876;8;19
876;11;70
876;2;8
876;5;58
876;7;61
877;4;35
877;8;98
877;3;10
877;1;52
877;11;66
877;9;77
877;5;88
877;7;83
878;2;7
878;1;65
878;6;31
879;5;33
879;2;92
879;11;69
879;3;57
879;6;24
880;6;16
880;2;54
881;10;94
881;3;64
881;8;96
881;6;35
881;2;51
881;9;77
881;5;64
881;11;48
882;6;64
882;2;67
882;1;2
882;4;4
882;9;78
882;7;29
882;11;5
882;3;19
882;8;10
883;4;13
883;7;89
883;6;68
883;3;55
883;10;83
883;11;26
883;2;41
883;8;20
884;8;30
884;1;51
884;5;93
884;11;77
884;6;44
884;3;65
884;4;69
884;10;26
884;9;67
884;2;61
884;7;20
885;1;58
885;8;42
885;7;72
885;9;39
885;6;14
885;2;11
886;5;1
886;10;12
887;2;88
887;5;11
887;8;20
887;11;46
888;4;36
888;8;28
888;1;27
888;6;48
888;9;70
888;3;63
888;2;77
888;7;8
888;10;3
889;5;66
889;4;68
889;11;20
890;8;93
890;4;26
890;7;59
890;2;40
890;11;79
890;3;43
890;10;95
890;5;67
890;9;4
890;6;8
890;1;87
891;1;86
891;5;68
891;11;4
891;4;33
891;10;20
891;2;69
891;8;18
891;7;63
891;6;28
891;3;86
891;9;71
892;2;48
892;3;44
892;10;85
892;1;35
892;6;33
892;11;23
892;7;49
893;9;39
894;2;32
895;5;26
895;10;38
896;4;27
896;7;49
896;10;65
896;5;34
897;7;69
897;1;9
897;9;69
897;4;82
897;8;44
898;9;100
898;2;65
898;4;55
898;8;45
898;3;89
898;10;75
898;5;15
898;7;93
898;6;46
899;10;58
899;4;59
899;1;9
899;3;68
899;9;89
899;8;40
899;6;28
899;2;28
899;7;4
899;11;80
900;10;44
900;11;69
900;4;30
901;1;3
901;3;18
901;6;87
901;8;29
901;2;59
901;5;18
901;10;35
901;7;12
901;4;98
901;9;50
902;11;9
903;11;78
903;4;93
903;9;74
904;10;43
904;5;93
904;4;43
904;11;91
904;1;98
904;7;90
904;2;94
904;9;34
904;6;37
904;3;33
904;8;46
905;1;33
905;10;94
905;5;45
905;4;47
905;7;51
905;2;79
905;8;90
905;6;24
906;7;81
906;6;94
906;8;24
906;11;31
906;9;15
906;10;65
906;5;45
906;3;16
906;2;87
906;1;32
906;4;3
907;3;7
907;4;100
907;5;89
907;7;21
908;5;95
908;3;8
908;4;77
908;1;43
908;9;5
908;2;50
908;11;94
908;8;34
908;10;13
908;7;86
908;6;16
909;2;8
909;4;30
909;1;74
910;1;94
910;2;6
910;11;96
910;6;75
910;7;30
911;3;93
911;7;75
911;8;32
911;1;6
912;7;80
912;5;74
912;9;40
912;6;49
912;11;70
912;3;31
912;10;89
912;1;37
912;4;50
913;5;6
913;8;22
913;2;17
913;11;79
913;3;29
913;4;84
913;9;30
913;10;33
913;6;34
913;1;85
914;6;9
914;3;38
915;2;57
915;10;41
915;9;77
915;7;60
915;3;6
915;4;58
915;5;36
915;1;90
916;11;49
916;3;100
916;2;92
916;1;20
916;9;82
916;7;81
916;6;91
916;4;90
916;5;56
916;10;15
917;2;83
917;5;18
918;8;77
918;6;40
918;4;94
918;2;63
918;9;67
918;11;81
918;5;39
918;10;76
919;9;69
919;1;87
919;7;62
919;4;98
919;10;74
919;2;40
919;8;80
919;6;22
919;3;64
919;5;58
920;5;74
920;4;86
921;4;1
921;9;47
921;11;61
921;5;75
921;2;24
921;8;96
921;7;62
921;6;96
921;10;73
922;9;99
922;3;13
922;4;4
922;5;99
922;6;96
922;8;25
922;10;51
922;11;37
922;1;99
922;2;44
923;2;64
923;10;70
923;6;44
923;1;66
923;11;64
923;3;94
923;5;8
923;4;67
924;1;89
924;11;29
924;6;75
924;10;43
924;8;58
924;3;85
924;2;59
924;4;18
924;5;24
924;7;12
925;9;49
925;11;30
925;8;86
925;5;3
925;2;18
925;10;59
925;4;12
926;1;52
926;4;86
926;7;22
926;6;100
926;8;55
926;2;42
926;5;79
926;3;39
926;10;96
926;9;12
927;2;2
927;11;95
927;1;5
927;9;10
927;4;89
927;10;94
928;10;46
928;6;50
928;5;76
928;9;92
928;11;4
928;1;25
928;4;63
929;1;23
930;1;99
930;8;36
930;11;77
931;5;4
931;2;4
931;9;70
931;3;50
931;6;70
931;1;38
931;7;25
931;10;19
931;11;35
932;11;24
932;6;83
932;8;78
932;9;53
932;3;29
932;10;84
933;10;34
934;8;78
934;2;89
934;10;45
934;4;80
934;6;49
934;7;71
934;3;43
934;11;53
935;1;93
935;6;80
936;5;77
936;4;55
936;2;79
936;6;55
936;11;97
936;3;52
937;8;28
937;9;54
937;2;47
937;4;31
937;10;48
937;1;84
938;5;71
938;3;56
938;9;75
938;8;59
938;11;89
938;10;71
938;4;34
938;6;82
939;10;23
939;8;54
939;6;100
939;3;98
939;1;18
939;9;2
939;2;80
939;4;37
939;5;48
939;11;43
939;7;33
940;5;25
940;6;12
941;10;10
941;2;31
941;7;64
941;3;21
941;8;54
941;11;15
941;9;57
941;4;92
942;1;9
942;8;92
942;7;1
942;10;21
942;2;43
942;5;30
942;4;11
942;9;84
942;3;36
943;10;91
943;6;25
943;2;100
943;11;96
943;3;6
943;8;80
943;7;29
943;1;32
943;5;13
943;9;48
944;1;7
945;8;28
946;10;94
946;3;50
946;2;95
946;7;79
946;1;83
946;8;83
946;6;48
946;4;72
946;5;18
946;9;14
947;9;41
947;3;66
947;4;39
947;5;40
947;10;83
947;11;35
947;6;71
947;7;42
947;8;59
947;2;39
947;1;6
948;1;18
948;8;51
948;3;57
949;5;77
949;9;65
949;3;44
949;1;63
949;4;27
950;4;26
950;9;24
950;5;38
950;1;24
950;8;21
950;11;52
950;7;96
951;11;37
951;1;70
951;5;70
951;8;2
951;10;30
951;6;17
952;9;40
952;3;59
952;4;22
952;7;11
952;10;39
952;8;53
952;1;31
952;6;68
952;11;86
952;5;55
953;6;40
953;1;22
953;8;61
953;5;31
953;10;38
953;4;9
954;4;83
955;8;12
956;1;64
956;4;71
956;6;59
956;9;70
956;8;51
956;7;93
956;2;23
956;3;45
956;11;81
957;6;67
957;11;62
957;4;9
957;5;74
957;1;79
957;3;99
958;5;65
958;2;82
958;4;47
958;8;47
958;11;23
958;9;59
958;3;45
958;6;10
958;1;19
959;2;21
960;1;29
960;4;92
960;3;20
960;6;59
960;10;88
960;2;100
960;5;36
960;7;27
961;10;85
961;8;34
961;4;34
961;5;23
961;3;85
961;9;50
961;6;72
961;2;92
961;1;52
961;7;91
961;11;19
962;8;13
962;3;19
962;10;88
963;2;45
963;8;79
963;1;58
963;6;58
963;9;89
963;7;53
964;6;64
965;2;1
965;8;94
965;9;52
965;11;93
965;3;90
965;6;54
965;10;49
965;5;25
966;2;92
966;6;95
966;5;14
966;4;56
966;9;74
966;10;49
966;8;5
966;7;32
966;11;54
967;1;28
967;7;94
967;10;21
967;8;47
967;11;98
968;11;65
968;7;3
968;5;12
968;8;34
968;6;6
969;1;94
969;9;31
969;11;44
969;2;26
969;10;45
969;6;28
969;7;23
969;5;22
969;4;82
969;8;40
969;3;73
970;2;96
970;11;76
970;3;30
970;7;57
971;7;75
971;4;30
972;1;84
972;11;51
972;8;3
972;2;30
973;11;73
973;4;80
973;6;5
973;8;85
973;7;9
974;2;71
974;5;17
974;8;31
975;9;60
975;2;26
975;7;12
975;4;60
976;6;33
976;3;78
976;2;93
976;8;74
976;10;3
976;7;60
976;5;64
976;9;10
976;11;46
976;4;5
977;5;73
977;7;56
977;10;48
977;1;48
977;6;87
977;3;80
977;11;16
977;9;4
978;1;59
978;5;90
978;3;91
978;6;9
978;8;34
978;2;29
978;11;50
978;7;6
978;10;35
979;10;75
979;8;12
979;9;87
979;11;40
979;3;97
979;6;95
979;1;75
980;6;75
980;4;62
980;11;2
980;2;71
980;10;31
980;1;83
980;9;15
980;7;24
980;8;39
981;10;15
981;3;20
981;4;35
981;1;56
981;2;5
981;6;59
981;5;79
981;7;59
981;11;93
981;8;53
982;1;70
982;5;22
982;8;97
982;10;71
982;3;57
982;11;46
983;10;14
983;7;3
983;4;64
983;3;58
984;5;53
984;10;86
984;9;11
984;11;19
984;1;91
985;6;36
985;9;46
985;11;55
985;7;88
985;4;90
985;2;62
985;8;61
985;10;66
985;5;5
986;9;64
986;3;5
986;2;68
986;7;36
987;8;21
987;4;60
987;9;6
988;1;87
988;2;19
988;3;38
988;8;45
988;11;19
988;6;19
988;5;33
988;7;83
989;9;73
989;7;47
989;4;52
989;5;30
989;3;5
989;8;79
989;10;63
990;6;11
990;9;38
991;4;54
991;1;9
992;8;66
992;5;98
992;7;97
993;7;34
993;11;3
993;4;58
993;10;34
994;8;68
994;3;71
994;10;44
994;1;24
994;7;93
994;5;78
994;6;64
994;4;100
994;2;19
995;10;25
995;11;80
995;4;13
995;5;53
995;6;12
995;8;23
995;3;81
995;7;37
995;9;56
995;1;81
995;2;100
996;4;76
996;3;76
996;11;12
996;8;52
996;5;49
996;6;97
996;10;11
996;7;67
996;1;12
996;2;74
996;9;33
997;7;33
997;4;2
997;5;38
997;9;31
997;10;34
997;8;68
997;11;33
997;6;40
997;2;33
997;1;39
997;3;29
998;11;45
998;5;91
998;7;9
998;6;88
998;9;73
998;10;86
998;8;13
999;1;54
1000;10;38
1000;9;43
1000;1;55
1000;6;59
1000;8;41
1000;11;49
1000;4;39
1000;3;53
1000;2;30
1000;5;7
